customer_id,recency,frequency,monetary,R_score,F_score,M_score,RFM_score,segment
CUST00001,415,7,66607.31,1,3,3,7,At-Risk
CUST00002,1,17,143361.8,4,4,4,12,High-Value
CUST00003,1,6,52720.64,4,3,3,10,High-Value
CUST00004,44,4,26967.95,3,2,3,8,Regular
CUST00005,183,1,5423.02,2,1,2,5,Churned
CUST00006,160,1,8055.44,2,1,2,5,Churned
CUST00007,367,1,1622.32,1,1,1,3,Churned
CUST00008,1,24,56769.549999999996,4,4,3,11,High-Value
CUST00009,1,8,70681.44,4,3,3,10,High-Value
CUST00010,39,8,21788.11,3,3,2,8,Regular
CUST00011,219,1,682.86,2,1,1,4,Churned
CUST00012,1,20,102754.6,4,4,4,12,High-Value
CUST00013,1,18,89985.0,4,4,4,12,High-Value
CUST00014,150,1,8858.75,2,1,2,5,Churned
CUST00015,498,1,21221.53,1,1,2,4,Churned
CUST00016,545,1,2988.0,1,1,1,3,Churned
CUST00017,510,1,1528.56,1,1,1,3,Churned
CUST00018,413,6,26352.21,1,3,2,6,At-Risk
CUST00019,9,6,11947.71,3,3,2,8,Regular
CUST00020,268,1,290.58,2,1,1,4,Churned
CUST00021,176,9,57378.17,2,3,3,8,At-Risk
CUST00022,294,1,1228.66,2,1,1,4,Churned
CUST00023,565,1,822.05,1,1,1,3,Churned
CUST00024,38,4,5433.870000000001,3,2,2,7,Regular
CUST00025,1,11,93977.43,4,4,4,12,High-Value
CUST00026,1,9,29524.81,4,3,3,10,High-Value
CUST00027,1,1,9664.26,4,1,2,7,New
CUST00028,165,5,104149.82,2,2,4,8,At-Risk
CUST00029,332,5,9630.380000000001,2,2,2,6,At-Risk
CUST00030,635,1,25188.31,1,1,2,4,Churned
CUST00031,1,6,94170.70999999999,4,3,4,11,High-Value
CUST00032,729,1,3868.8,1,1,1,3,Churned
CUST00033,731,1,1281.94,1,1,1,3,Churned
CUST00034,1,27,182625.57,4,4,4,12,High-Value
CUST00035,1,27,195950.3,4,4,4,12,High-Value
CUST00036,1,25,198552.86000000002,4,4,4,12,High-Value
CUST00037,68,1,3630.02,3,1,1,5,New
CUST00038,518,1,3585.8,1,1,1,3,Churned
CUST00039,350,10,46443.51,1,3,3,7,At-Risk
CUST00040,13,9,77523.75,3,3,4,10,High-Value
CUST00041,610,1,5645.01,1,1,2,4,Churned
CUST00042,38,4,10234.51,3,2,2,7,Regular
CUST00043,305,1,109.5,2,1,1,4,Churned
CUST00044,1,22,169408.22,4,4,4,12,High-Value
CUST00045,506,1,1725.65,1,1,1,3,Churned
CUST00046,308,3,1770.56,2,2,1,5,At-Risk
CUST00047,591,1,1689.76,1,1,1,3,Churned
CUST00048,1,9,29517.339999999997,4,3,3,10,High-Value
CUST00049,1,10,20470.89,4,3,2,9,Regular
CUST00050,436,1,1049.29,1,1,1,3,Churned
CUST00051,1,22,139487.13,4,4,4,12,High-Value
CUST00052,1,10,86914.05,4,3,4,11,High-Value
CUST00053,1,22,126371.0,4,4,4,12,High-Value
CUST00054,1,24,140763.68,4,4,4,12,High-Value
CUST00055,1,5,23825.02,4,2,2,8,Regular
CUST00056,1,21,86608.5,4,4,4,12,High-Value
CUST00057,367,1,447.11,1,1,1,3,Churned
CUST00058,327,1,30297.84,2,1,3,6,Churned
CUST00059,540,1,17159.12,1,1,2,4,Churned
CUST00060,362,1,2417.02,1,1,1,3,Churned
CUST00061,1,8,35624.450000000004,4,3,3,10,High-Value
CUST00062,450,1,3534.76,1,1,1,3,Churned
CUST00063,1,21,67084.39,4,4,3,11,High-Value
CUST00064,1,10,17776.52,4,3,2,9,Regular
CUST00065,638,1,3107.0,1,1,1,3,Churned
CUST00066,1,8,118344.43,4,3,4,11,High-Value
CUST00067,255,1,1186.54,2,1,1,4,Churned
CUST00068,1,27,297299.52,4,4,4,12,High-Value
CUST00069,237,1,1036.88,2,1,1,4,Churned
CUST00070,1,29,195103.80000000002,4,4,4,12,High-Value
CUST00071,275,11,125071.59999999999,2,4,4,10,At-Risk
CUST00072,226,1,2577.58,2,1,1,4,Churned
CUST00073,731,1,1642.84,1,1,1,3,Churned
CUST00074,1,23,125759.68,4,4,4,12,High-Value
CUST00075,1,10,23170.23,4,3,2,9,Regular
CUST00076,218,11,49056.16,2,4,3,9,At-Risk
CUST00077,106,11,24849.34,3,4,2,9,Regular
CUST00078,93,1,3958.68,3,1,1,5,New
CUST00079,55,4,18683.43,3,2,2,7,Regular
CUST00080,593,1,758.75,1,1,1,3,Churned
CUST00081,1,13,60147.09,4,4,3,11,High-Value
CUST00082,307,11,78227.46,2,4,4,10,At-Risk
CUST00083,1,1,961.22,4,1,1,6,New
CUST00084,432,1,1930.48,1,1,1,3,Churned
CUST00085,256,1,690.54,2,1,1,4,Churned
CUST00086,544,1,4266.4,1,1,1,3,Churned
CUST00087,1,10,39568.08,4,3,3,10,High-Value
CUST00088,340,7,50752.25,2,3,3,8,At-Risk
CUST00089,1,25,128520.14,4,4,4,12,High-Value
CUST00090,455,4,5373.79,1,2,2,5,At-Risk
CUST00091,349,1,1204.96,2,1,1,4,Churned
CUST00092,167,10,53292.729999999996,2,3,3,8,At-Risk
CUST00093,429,6,15921.310000000001,1,3,2,6,At-Risk
CUST00094,420,6,39242.0,1,3,3,7,At-Risk
CUST00095,394,3,8990.060000000001,1,2,2,5,At-Risk
CUST00096,291,6,8568.2,2,3,2,7,At-Risk
CUST00097,1,5,19698.079999999998,4,2,2,8,Regular
CUST00098,266,7,42616.81,2,3,3,8,At-Risk
CUST00099,592,1,2608.19,1,1,1,3,Churned
CUST00100,401,1,3073.62,1,1,1,3,Churned
CUST00101,287,1,612.08,2,1,1,4,Churned
CUST00102,395,8,18654.66,1,3,2,6,At-Risk
CUST00103,425,1,6854.38,1,1,2,4,Churned
CUST00104,262,9,30184.85,2,3,3,8,At-Risk
CUST00105,18,18,39185.520000000004,3,4,3,10,High-Value
CUST00106,91,1,3229.0,3,1,1,5,New
CUST00107,467,3,4414.25,1,2,2,5,At-Risk
CUST00108,1,4,14888.800000000001,4,2,2,8,Regular
CUST00109,547,1,2023.99,1,1,1,3,Churned
CUST00110,288,1,767.18,2,1,1,4,Churned
CUST00111,218,1,1514.98,2,1,1,4,Churned
CUST00112,264,1,27184.55,2,1,3,6,Churned
CUST00113,1,22,212904.05,4,4,4,12,High-Value
CUST00114,79,12,81227.06,3,4,4,11,High-Value
CUST00115,340,7,47282.39000000001,2,3,3,8,At-Risk
CUST00116,7,28,187020.77000000002,3,4,4,11,High-Value
CUST00117,1,25,128808.65000000001,4,4,4,12,High-Value
CUST00118,360,1,12569.39,1,1,2,4,Churned
CUST00119,1,19,37068.59,4,4,3,11,High-Value
CUST00120,343,6,30100.56,2,3,3,8,At-Risk
CUST00121,1,20,162456.96,4,4,4,12,High-Value
CUST00122,1,17,108246.11,4,4,4,12,High-Value
CUST00123,406,1,789.53,1,1,1,3,Churned
CUST00124,442,1,1477.48,1,1,1,3,Churned
CUST00125,337,1,2280.9,2,1,1,4,Churned
CUST00126,3,7,50574.869999999995,3,3,3,9,High-Value
CUST00127,1,19,250922.22,4,4,4,12,High-Value
CUST00128,21,12,54600.65,3,4,3,10,High-Value
CUST00129,256,1,482.03,2,1,1,4,Churned
CUST00130,1,9,61733.39,4,3,3,10,High-Value
CUST00131,552,9,129088.18000000001,1,3,4,8,At-Risk
CUST00132,250,1,16125.78,2,1,2,5,Churned
CUST00133,549,1,361.96,1,1,1,3,Churned
CUST00134,731,1,798.32,1,1,1,3,Churned
CUST00135,1,14,45011.43,4,4,3,11,High-Value
CUST00136,362,1,14495.7,1,1,2,4,Churned
CUST00137,302,5,18540.7,2,2,2,6,At-Risk
CUST00138,1,7,17320.989999999998,4,3,2,9,Regular
CUST00139,1,3,1916.62,4,2,1,7,Regular
CUST00140,1,17,102221.0,4,4,4,12,High-Value
CUST00141,1,19,86368.15,4,4,4,12,High-Value
CUST00142,31,1,26237.22,3,1,2,6,New
CUST00143,1,5,32870.96,4,2,3,9,Regular
CUST00144,326,1,4616.49,2,1,2,5,Churned
CUST00145,391,1,8471.88,1,1,2,4,Churned
CUST00146,188,1,666.69,2,1,1,4,Churned
CUST00147,353,6,32465.950000000004,1,3,3,7,At-Risk
CUST00148,330,11,114759.19,2,4,4,10,At-Risk
CUST00149,153,1,486.34,2,1,1,4,Churned
CUST00150,559,1,2370.76,1,1,1,3,Churned
CUST00151,1,24,92641.99,4,4,4,12,High-Value
CUST00152,476,1,995.9,1,1,1,3,Churned
CUST00153,411,1,507.18,1,1,1,3,Churned
CUST00154,1,11,160649.06,4,4,4,12,High-Value
CUST00155,1,26,100535.66,4,4,4,12,High-Value
CUST00156,374,1,269.37,1,1,1,3,Churned
CUST00157,1,8,94917.9,4,3,4,11,High-Value
CUST00158,33,10,107189.81,3,3,4,10,High-Value
CUST00159,731,1,789.11,1,1,1,3,Churned
CUST00160,42,5,27051.57,3,2,3,8,Regular
CUST00161,1,11,59120.37,4,4,3,11,High-Value
CUST00162,340,5,20689.76,2,2,2,6,At-Risk
CUST00163,310,5,21591.15,2,2,2,6,At-Risk
CUST00164,135,9,31665.88,2,3,3,8,At-Risk
CUST00165,447,1,690.72,1,1,1,3,Churned
CUST00166,1,22,85585.39,4,4,4,12,High-Value
CUST00167,244,1,3231.61,2,1,1,4,Churned
CUST00168,731,1,4473.75,1,1,2,4,Churned
CUST00169,396,1,1574.27,1,1,1,3,Churned
CUST00170,1,6,9991.46,4,3,2,9,Regular
CUST00171,141,3,9498.15,2,2,2,6,At-Risk
CUST00172,681,1,298.46,1,1,1,3,Churned
CUST00173,339,6,45013.97,2,3,3,8,At-Risk
CUST00174,169,1,1286.04,2,1,1,4,Churned
CUST00175,1,9,30542.43,4,3,3,10,High-Value
CUST00176,1,1,1755.43,4,1,1,6,New
CUST00177,404,8,50190.4,1,3,3,7,At-Risk
CUST00178,369,5,30851.46,1,2,3,6,At-Risk
CUST00179,1,25,149945.82,4,4,4,12,High-Value
CUST00180,692,1,3393.18,1,1,1,3,Churned
CUST00181,415,1,1055.88,1,1,1,3,Churned
CUST00182,427,1,3887.79,1,1,1,3,Churned
CUST00183,24,15,75782.41,3,4,4,11,High-Value
CUST00184,1,22,82750.61,4,4,4,12,High-Value
CUST00185,666,1,1231.41,1,1,1,3,Churned
CUST00186,40,9,40713.369999999995,3,3,3,9,High-Value
CUST00187,1,22,100873.47,4,4,4,12,High-Value
CUST00188,188,8,72942.11,2,3,4,9,At-Risk
CUST00189,1,9,96709.92000000001,4,3,4,11,High-Value
CUST00190,490,1,2287.56,1,1,1,3,Churned
CUST00191,1,1,473.54,4,1,1,6,New
CUST00192,1,12,36505.01,4,4,3,11,High-Value
CUST00193,1,15,108014.56,4,4,4,12,High-Value
CUST00194,287,5,38221.899999999994,2,2,3,7,At-Risk
CUST00195,562,1,6798.14,1,1,2,4,Churned
CUST00196,692,1,1921.86,1,1,1,3,Churned
CUST00197,1,6,95453.8,4,3,4,11,High-Value
CUST00198,1,26,102992.19,4,4,4,12,High-Value
CUST00199,1,25,221976.62,4,4,4,12,High-Value
CUST00200,217,10,109311.87,2,3,4,9,At-Risk
CUST00201,1,8,42312.64,4,3,3,10,High-Value
CUST00202,348,1,20443.88,2,1,2,5,Churned
CUST00203,270,1,5308.94,2,1,2,5,Churned
CUST00204,1,17,153086.94,4,4,4,12,High-Value
CUST00205,1,9,59267.04000000001,4,3,3,10,High-Value
CUST00206,382,1,25827.76,1,1,2,4,Churned
CUST00207,1,1,4719.84,4,1,2,7,New
CUST00208,174,3,26414.79,2,2,2,6,At-Risk
CUST00209,566,1,1082.26,1,1,1,3,Churned
CUST00210,598,1,10633.18,1,1,2,4,Churned
CUST00211,1,4,11337.18,4,2,2,8,Regular
CUST00212,10,6,13670.86,3,3,2,8,Regular
CUST00213,338,7,36822.45,2,3,3,8,At-Risk
CUST00214,485,1,78954.48,1,1,4,6,Churned
CUST00215,27,6,70598.22,3,3,3,9,High-Value
CUST00216,222,1,1487.03,2,1,1,4,Churned
CUST00217,528,1,5941.04,1,1,2,4,Churned
CUST00218,361,4,71466.43,1,2,3,6,At-Risk
CUST00219,1,5,35600.22,4,2,3,9,Regular
CUST00220,1,15,89386.43000000001,4,4,4,12,High-Value
CUST00221,1,4,9412.720000000001,4,2,2,8,Regular
CUST00222,1,11,89233.83,4,4,4,12,High-Value
CUST00223,4,1,18898.85,3,1,2,6,New
CUST00224,24,5,89921.19,3,2,4,9,Regular
CUST00225,292,1,14001.29,2,1,2,5,Churned
CUST00226,580,1,13535.72,1,1,2,4,Churned
CUST00227,1,28,157346.2,4,4,4,12,High-Value
CUST00228,261,9,27849.16,2,3,3,8,At-Risk
CUST00229,8,27,113294.47,3,4,4,11,High-Value
CUST00230,1,9,37433.380000000005,4,3,3,10,High-Value
CUST00231,1,8,14215.28,4,3,2,9,Regular
CUST00232,185,6,10835.29,2,3,2,7,At-Risk
CUST00233,1,7,52541.26,4,3,3,10,High-Value
CUST00234,1,3,61041.450000000004,4,2,3,9,Regular
CUST00235,523,1,1219.15,1,1,1,3,Churned
CUST00236,240,8,32945.6,2,3,3,8,At-Risk
CUST00237,173,1,1482.02,2,1,1,4,Churned
CUST00238,198,1,7955.45,2,1,2,5,Churned
CUST00239,28,7,20541.61,3,3,2,8,Regular
CUST00240,567,1,4840.79,1,1,2,4,Churned
CUST00241,1,21,103259.09,4,4,4,12,High-Value
CUST00242,1,12,135350.75,4,4,4,12,High-Value
CUST00243,1,21,128697.19,4,4,4,12,High-Value
CUST00244,46,7,49810.5,3,3,3,9,High-Value
CUST00245,396,1,4753.91,1,1,2,4,Churned
CUST00246,1,18,87417.62,4,4,4,12,High-Value
CUST00247,214,11,72803.73,2,4,3,9,At-Risk
CUST00248,1,23,210712.65,4,4,4,12,High-Value
CUST00249,1,12,35469.89,4,4,3,11,High-Value
CUST00250,1,22,73698.94,4,4,4,12,High-Value
CUST00251,1,1,19973.66,4,1,2,7,New
CUST00252,503,4,13831.95,1,2,2,5,At-Risk
CUST00253,1,23,166560.56,4,4,4,12,High-Value
CUST00254,145,1,503.3,2,1,1,4,Churned
CUST00255,437,1,20358.47,1,1,2,4,Churned
CUST00256,85,4,5474.34,3,2,2,7,Regular
CUST00257,22,16,53125.04,3,4,3,10,High-Value
CUST00258,528,3,31177.5,1,2,3,6,At-Risk
CUST00259,1,6,19775.41,4,3,2,9,Regular
CUST00260,116,1,4888.78,3,1,2,6,New
CUST00261,379,4,14851.599999999999,1,2,2,5,At-Risk
CUST00262,1,13,20850.739999999998,4,4,2,10,Regular
CUST00263,348,1,2706.86,2,1,1,4,Churned
CUST00264,1,8,63434.49,4,3,3,10,High-Value
CUST00265,1,27,201163.01,4,4,4,12,High-Value
CUST00266,238,9,48377.24,2,3,3,8,At-Risk
CUST00267,494,5,19514.54,1,2,2,5,At-Risk
CUST00268,1,11,75573.27,4,4,4,12,High-Value
CUST00269,1,8,46162.37,4,3,3,10,High-Value
CUST00270,562,1,13803.63,1,1,2,4,Churned
CUST00271,1,21,222826.28,4,4,4,12,High-Value
CUST00272,1,21,91427.3,4,4,4,12,High-Value
CUST00273,1,18,57422.16,4,4,3,11,High-Value
CUST00274,1,26,212336.25,4,4,4,12,High-Value
CUST00275,70,9,101199.58,3,3,4,10,High-Value
CUST00276,25,5,4181.9400000000005,3,2,1,6,Regular
CUST00277,1,5,37082.61,4,2,3,9,Regular
CUST00278,38,8,85230.61,3,3,4,10,High-Value
CUST00279,284,5,11435.060000000001,2,2,2,6,At-Risk
CUST00280,195,10,130440.71,2,3,4,9,At-Risk
CUST00281,1,26,87298.29,4,4,4,12,High-Value
CUST00282,337,1,3850.96,2,1,1,4,Churned
CUST00283,1,7,56099.5,4,3,3,10,High-Value
CUST00284,610,1,53499.76,1,1,3,5,Churned
CUST00285,283,5,20102.67,2,2,2,6,At-Risk
CUST00286,456,1,1736.68,1,1,1,3,Churned
CUST00287,1,7,17784.83,4,3,2,9,Regular
CUST00288,10,9,71236.94,3,3,3,9,High-Value
CUST00289,268,1,4306.92,2,1,1,4,Churned
CUST00290,4,10,58846.39,3,3,3,9,High-Value
CUST00291,655,1,421.21,1,1,1,3,Churned
CUST00292,112,1,1236.05,3,1,1,5,New
CUST00293,1,27,195934.2,4,4,4,12,High-Value
CUST00294,51,10,71138.06,3,3,3,9,High-Value
CUST00295,324,1,1374.17,2,1,1,4,Churned
CUST00296,1,11,90687.32999999999,4,4,4,12,High-Value
CUST00297,3,11,95441.15,3,4,4,11,High-Value
CUST00298,213,1,1326.21,2,1,1,4,Churned
CUST00299,202,8,31727.69,2,3,3,8,At-Risk
CUST00300,590,1,6848.14,1,1,2,4,Churned
CUST00301,245,1,3419.22,2,1,1,4,Churned
CUST00302,332,4,32745.129999999997,2,2,3,7,At-Risk
CUST00303,1,11,41425.53,4,4,3,11,High-Value
CUST00304,14,10,116106.16,3,3,4,10,High-Value
CUST00305,1,11,41810.479999999996,4,4,3,11,High-Value
CUST00306,31,12,63951.159999999996,3,4,3,10,High-Value
CUST00307,16,6,31176.229999999996,3,3,3,9,High-Value
CUST00308,97,1,5226.0,3,1,2,6,New
CUST00309,388,5,40105.21,1,2,3,6,At-Risk
CUST00310,332,1,784.22,2,1,1,4,Churned
CUST00311,10,10,65334.02,3,3,3,9,High-Value
CUST00312,304,1,2137.82,2,1,1,4,Churned
CUST00313,320,1,17594.48,2,1,2,5,Churned
CUST00314,1,29,202363.62,4,4,4,12,High-Value
CUST00315,1,26,161177.12,4,4,4,12,High-Value
CUST00316,391,4,15849.25,1,2,2,5,At-Risk
CUST00317,1,9,71539.87,4,3,3,10,High-Value
CUST00318,222,1,2487.94,2,1,1,4,Churned
CUST00319,731,1,2954.5,1,1,1,3,Churned
CUST00320,379,1,6027.36,1,1,2,4,Churned
CUST00321,153,11,70156.75,2,4,3,9,At-Risk
CUST00322,480,5,14426.68,1,2,2,5,At-Risk
CUST00323,309,7,17771.04,2,3,2,7,At-Risk
CUST00324,731,1,2979.59,1,1,1,3,Churned
CUST00325,1,24,199208.36,4,4,4,12,High-Value
CUST00326,34,10,48715.12,3,3,3,9,High-Value
CUST00327,256,5,18310.97,2,2,2,6,At-Risk
CUST00328,1,8,45482.03,4,3,3,10,High-Value
CUST00329,1,8,50046.08,4,3,3,10,High-Value
CUST00330,731,1,5373.42,1,1,2,4,Churned
CUST00331,338,3,9449.44,2,2,2,6,At-Risk
CUST00332,407,6,105371.17,1,3,4,8,At-Risk
CUST00333,21,1,103.52,3,1,1,5,New
CUST00334,623,1,4493.44,1,1,2,4,Churned
CUST00335,281,1,2547.99,2,1,1,4,Churned
CUST00336,61,1,5818.26,3,1,2,6,New
CUST00337,1,27,170015.2,4,4,4,12,High-Value
CUST00338,1,8,25257.739999999998,4,3,2,9,Regular
CUST00339,418,9,60488.219999999994,1,3,3,7,At-Risk
CUST00340,75,1,3092.48,3,1,1,5,New
CUST00341,69,5,11748.019999999999,3,2,2,7,Regular
CUST00342,15,10,36215.87,3,3,3,9,High-Value
CUST00343,731,1,938.07,1,1,1,3,Churned
CUST00344,124,7,71932.09,2,3,3,8,At-Risk
CUST00345,407,7,5327.33,1,3,2,6,At-Risk
CUST00346,1,3,24208.37,4,2,2,8,Regular
CUST00347,385,5,24481.489999999998,1,2,2,5,At-Risk
CUST00348,533,1,1944.53,1,1,1,3,Churned
CUST00349,427,9,71705.83,1,3,3,7,At-Risk
CUST00350,270,4,66981.12,2,2,3,7,At-Risk
CUST00351,365,3,17506.28,1,2,2,5,At-Risk
CUST00352,1,18,67467.97,4,4,3,11,High-Value
CUST00353,1,9,181670.85,4,3,4,11,High-Value
CUST00354,1,1,693.9,4,1,1,6,New
CUST00355,185,1,704.23,2,1,1,4,Churned
CUST00356,1,10,126607.61,4,3,4,11,High-Value
CUST00357,488,1,4693.68,1,1,2,4,Churned
CUST00358,305,6,37581.41,2,3,3,8,At-Risk
CUST00359,1,20,117279.41,4,4,4,12,High-Value
CUST00360,97,7,42292.46,3,3,3,9,High-Value
CUST00361,387,7,37421.75,1,3,3,7,At-Risk
CUST00362,67,3,9529.77,3,2,2,7,Regular
CUST00363,326,7,33543.54,2,3,3,8,At-Risk
CUST00364,315,3,5930.639999999999,2,2,2,6,At-Risk
CUST00365,1,13,23067.67,4,4,2,10,Regular
CUST00366,1,11,99408.36,4,4,4,12,High-Value
CUST00367,1,20,138218.34,4,4,4,12,High-Value
CUST00368,1,17,162031.87,4,4,4,12,High-Value
CUST00369,459,1,1868.97,1,1,1,3,Churned
CUST00370,218,1,18417.18,2,1,2,5,Churned
CUST00371,232,1,3120.5,2,1,1,4,Churned
CUST00372,180,1,3630.04,2,1,1,4,Churned
CUST00373,73,1,385.1,3,1,1,5,New
CUST00374,1,5,40423.259999999995,4,2,3,9,Regular
CUST00375,511,1,9181.53,1,1,2,4,Churned
CUST00376,1,1,1404.36,4,1,1,6,New
CUST00377,1,29,152194.76,4,4,4,12,High-Value
CUST00378,467,1,25667.41,1,1,2,4,Churned
CUST00379,46,24,223775.39,3,4,4,11,High-Value
CUST00380,308,1,4017.96,2,1,1,4,Churned
CUST00381,521,1,440.76,1,1,1,3,Churned
CUST00382,1,11,101697.35,4,4,4,12,High-Value
CUST00383,511,4,13047.74,1,2,2,5,At-Risk
CUST00384,1,13,32488.39,4,4,3,11,High-Value
CUST00385,197,5,24333.260000000002,2,2,2,6,At-Risk
CUST00386,1,27,130431.89,4,4,4,12,High-Value
CUST00387,181,1,3632.53,2,1,1,4,Churned
CUST00388,207,1,1321.02,2,1,1,4,Churned
CUST00389,50,5,18260.32,3,2,2,7,Regular
CUST00390,1,27,150306.67,4,4,4,12,High-Value
CUST00391,1,23,128696.98,4,4,4,12,High-Value
CUST00392,35,10,59281.76,3,3,3,9,High-Value
CUST00393,1,4,33394.56,4,2,3,9,Regular
CUST00394,355,8,43613.03,1,3,3,7,At-Risk
CUST00395,151,1,4051.62,2,1,1,4,Churned
CUST00396,1,20,162666.79,4,4,4,12,High-Value
CUST00397,1,27,174269.57,4,4,4,12,High-Value
CUST00398,439,9,26166.76,1,3,2,6,At-Risk
CUST00399,1,11,29624.5,4,4,3,11,High-Value
CUST00400,1,10,33307.96,4,3,3,10,High-Value
CUST00401,463,1,1540.48,1,1,1,3,Churned
CUST00402,36,26,140796.13,3,4,4,11,High-Value
CUST00403,336,6,28325.089999999997,2,3,3,8,At-Risk
CUST00404,1,20,163005.24,4,4,4,12,High-Value
CUST00405,1,1,4672.96,4,1,2,7,New
CUST00406,1,15,108519.69,4,4,4,12,High-Value
CUST00407,134,3,16824.34,2,2,2,6,At-Risk
CUST00408,323,1,1866.64,2,1,1,4,Churned
CUST00409,1,16,59761.8,4,4,3,11,High-Value
CUST00410,493,1,2811.63,1,1,1,3,Churned
CUST00411,488,1,19099.14,1,1,2,4,Churned
CUST00412,1,29,187948.42,4,4,4,12,High-Value
CUST00413,1,26,156386.36000000002,4,4,4,12,High-Value
CUST00414,434,4,22387.37,1,2,2,5,At-Risk
CUST00415,409,6,86300.64,1,3,4,8,At-Risk
CUST00416,298,11,108839.81999999999,2,4,4,10,At-Risk
CUST00417,77,1,2471.64,3,1,1,5,New
CUST00418,48,1,2154.05,3,1,1,5,New
CUST00419,1,11,136934.18,4,4,4,12,High-Value
CUST00420,331,5,31210.6,2,2,3,7,At-Risk
CUST00421,57,6,11513.369999999999,3,3,2,8,Regular
CUST00422,1,7,134082.23,4,3,4,11,High-Value
CUST00423,425,1,1730.46,1,1,1,3,Churned
CUST00424,62,6,42884.01,3,3,3,9,High-Value
CUST00425,731,1,2120.74,1,1,1,3,Churned
CUST00426,282,9,65069.899999999994,2,3,3,8,At-Risk
CUST00427,1,9,30643.38,4,3,3,10,High-Value
CUST00428,1,25,149902.8,4,4,4,12,High-Value
CUST00429,181,5,46839.14,2,2,3,7,At-Risk
CUST00430,35,1,4151.04,3,1,1,5,New
CUST00431,524,1,802.72,1,1,1,3,Churned
CUST00432,36,6,42376.43,3,3,3,9,High-Value
CUST00433,156,3,6537.43,2,2,2,6,At-Risk
CUST00434,355,1,1462.1,1,1,1,3,Churned
CUST00435,16,1,18068.1,3,1,2,6,New
CUST00436,58,9,54560.24,3,3,3,9,High-Value
CUST00437,308,1,840.25,2,1,1,4,Churned
CUST00438,1,29,236803.36000000002,4,4,4,12,High-Value
CUST00439,1,8,112180.78,4,3,4,11,High-Value
CUST00440,386,1,66413.58,1,1,3,5,Churned
CUST00441,215,1,1563.01,2,1,1,4,Churned
CUST00442,1,26,271083.9,4,4,4,12,High-Value
CUST00443,331,10,188087.74,2,3,4,9,At-Risk
CUST00444,1,11,21749.94,4,4,2,10,Regular
CUST00445,1,14,70628.33,4,4,3,11,High-Value
CUST00446,1,25,215052.43,4,4,4,12,High-Value
CUST00447,1,28,161470.91,4,4,4,12,High-Value
CUST00448,282,5,15358.67,2,2,2,6,At-Risk
CUST00449,1,9,77984.81,4,3,4,11,High-Value
CUST00450,524,1,836.05,1,1,1,3,Churned
CUST00451,1,8,69247.57,4,3,3,10,High-Value
CUST00452,21,10,25923.31,3,3,2,8,Regular
CUST00453,1,6,58306.68,4,3,3,10,High-Value
CUST00454,1,28,84598.6,4,4,4,12,High-Value
CUST00455,204,1,1802.62,2,1,1,4,Churned
CUST00456,324,9,26388.429999999997,2,3,2,7,At-Risk
CUST00457,507,1,210.74,1,1,1,3,Churned
CUST00458,257,11,89490.62,2,4,4,10,At-Risk
CUST00459,135,1,2433.02,2,1,1,4,Churned
CUST00460,281,1,10875.53,2,1,2,5,Churned
CUST00461,65,1,3131.49,3,1,1,5,New
CUST00462,11,9,35444.44,3,3,3,9,High-Value
CUST00463,7,10,97922.78,3,3,4,10,High-Value
CUST00464,46,5,13444.37,3,2,2,7,Regular
CUST00465,1,14,28513.239999999998,4,4,3,11,High-Value
CUST00466,1,8,94351.59,4,3,4,11,High-Value
CUST00467,123,1,1703.3,2,1,1,4,Churned
CUST00468,1,27,172868.9,4,4,4,12,High-Value
CUST00469,241,1,2978.46,2,1,1,4,Churned
CUST00470,1,18,63211.7,4,4,3,11,High-Value
CUST00471,520,1,622.42,1,1,1,3,Churned
CUST00472,1,19,124388.67,4,4,4,12,High-Value
CUST00473,313,1,507.76,2,1,1,4,Churned
CUST00474,1,27,221485.99,4,4,4,12,High-Value
CUST00475,301,8,50682.53,2,3,3,8,At-Risk
CUST00476,1,20,137032.57,4,4,4,12,High-Value
CUST00477,731,1,6390.06,1,1,2,4,Churned
CUST00478,230,10,74072.98,2,3,4,9,At-Risk
CUST00479,1,15,110640.73999999999,4,4,4,12,High-Value
CUST00480,88,5,15493.749999999998,3,2,2,7,Regular
CUST00481,7,8,75145.34,3,3,4,10,High-Value
CUST00482,365,9,56773.53,1,3,3,7,At-Risk
CUST00483,70,8,63526.31,3,3,3,9,High-Value
CUST00484,1,9,26648.42,4,3,2,9,Regular
CUST00485,303,7,16610.59,2,3,2,7,At-Risk
CUST00486,1,15,77418.88,4,4,4,12,High-Value
CUST00487,651,1,4043.76,1,1,1,3,Churned
CUST00488,174,1,23633.77,2,1,2,5,Churned
CUST00489,1,28,212486.30000000002,4,4,4,12,High-Value
CUST00490,1,14,95207.15,4,4,4,12,High-Value
CUST00491,341,7,66046.97,2,3,3,8,At-Risk
CUST00492,378,5,9159.57,1,2,2,5,At-Risk
CUST00493,81,1,1847.64,3,1,1,5,New
CUST00494,518,1,1840.93,1,1,1,3,Churned
CUST00495,27,3,6252.08,3,2,2,7,Regular
CUST00496,72,6,35258.88,3,3,3,9,High-Value
CUST00497,50,4,11478.23,3,2,2,7,Regular
CUST00498,4,1,2753.25,3,1,1,5,New
CUST00499,1,26,91756.92,4,4,4,12,High-Value
CUST00500,1,17,160648.02,4,4,4,12,High-Value
CUST00501,362,4,53071.67,1,2,3,6,At-Risk
CUST00502,294,10,65295.04,2,3,3,8,At-Risk
CUST00503,731,1,42895.44,1,1,3,5,Churned
CUST00504,1,24,113625.27,4,4,4,12,High-Value
CUST00505,50,11,68900.82,3,4,3,10,High-Value
CUST00506,392,1,792.84,1,1,1,3,Churned
CUST00507,1,28,86907.44,4,4,4,12,High-Value
CUST00508,1,24,111925.7,4,4,4,12,High-Value
CUST00509,1,12,69470.88,4,4,3,11,High-Value
CUST00510,29,4,41253.68000000001,3,2,3,8,Regular
CUST00511,1,11,98455.70999999999,4,4,4,12,High-Value
CUST00512,1,4,10490.56,4,2,2,8,Regular
CUST00513,12,17,81245.41,3,4,4,11,High-Value
CUST00514,1,25,96564.64,4,4,4,12,High-Value
CUST00515,364,1,870.65,1,1,1,3,Churned
CUST00516,213,1,3384.04,2,1,1,4,Churned
CUST00517,273,3,4420.1,2,2,2,6,At-Risk
CUST00518,1,14,33135.05,4,4,3,11,High-Value
CUST00519,1,16,60314.03,4,4,3,11,High-Value
CUST00520,602,1,313.31,1,1,1,3,Churned
CUST00521,1,3,67472.3,4,2,3,9,Regular
CUST00522,184,9,65000.54,2,3,3,8,At-Risk
CUST00523,1,18,101278.0,4,4,4,12,High-Value
CUST00524,1,13,40780.51,4,4,3,11,High-Value
CUST00525,5,17,127196.86,3,4,4,11,High-Value
CUST00526,457,3,5587.5,1,2,2,5,At-Risk
CUST00527,1,7,12447.869999999999,4,3,2,9,Regular
CUST00528,116,1,3501.21,3,1,1,5,New
CUST00529,1,1,3442.74,4,1,1,6,New
CUST00530,1,16,88052.81999999999,4,4,4,12,High-Value
CUST00531,1,19,130112.05,4,4,4,12,High-Value
CUST00532,1,20,77484.8,4,4,4,12,High-Value
CUST00533,1,16,167476.5,4,4,4,12,High-Value
CUST00534,1,11,90365.51,4,4,4,12,High-Value
CUST00535,1,6,21434.58,4,3,2,9,Regular
CUST00536,1,13,40294.89,4,4,3,11,High-Value
CUST00537,1,17,94926.28,4,4,4,12,High-Value
CUST00538,656,1,3789.74,1,1,1,3,Churned
CUST00539,494,3,7320.99,1,2,2,5,At-Risk
CUST00540,602,1,1027.76,1,1,1,3,Churned
CUST00541,1,12,58393.94,4,4,3,11,High-Value
CUST00542,1,3,9068.4,4,2,2,8,Regular
CUST00543,731,1,1442.38,1,1,1,3,Churned
CUST00544,1,4,88666.56,4,2,4,10,Regular
CUST00545,123,3,7731.51,2,2,2,6,At-Risk
CUST00546,372,11,58230.41,1,4,3,8,At-Risk
CUST00547,520,1,3484.21,1,1,1,3,Churned
CUST00548,2,4,44931.31,3,2,3,8,Regular
CUST00549,95,10,50374.36,3,3,3,9,High-Value
CUST00550,150,10,68019.89,2,3,3,8,At-Risk
CUST00551,235,3,20048.449999999997,2,2,2,6,At-Risk
CUST00552,1,18,91064.69,4,4,4,12,High-Value
CUST00553,420,3,35829.229999999996,1,2,3,6,At-Risk
CUST00554,329,9,21643.23,2,3,2,7,At-Risk
CUST00555,1,13,95445.05,4,4,4,12,High-Value
CUST00556,239,6,14845.86,2,3,2,7,At-Risk
CUST00557,499,1,18043.0,1,1,2,4,Churned
CUST00558,731,1,559.83,1,1,1,3,Churned
CUST00559,1,10,91501.28,4,3,4,11,High-Value
CUST00560,303,3,30279.35,2,2,3,7,At-Risk
CUST00561,410,3,15107.039999999999,1,2,2,5,At-Risk
CUST00562,201,1,4049.34,2,1,1,4,Churned
CUST00563,341,1,2010.13,2,1,1,4,Churned
CUST00564,176,1,2493.64,2,1,1,4,Churned
CUST00565,1,5,25338.28,4,2,2,8,Regular
CUST00566,1,8,15792.52,4,3,2,9,Regular
CUST00567,42,10,68172.19,3,3,3,9,High-Value
CUST00568,1,10,58901.5,4,3,3,10,High-Value
CUST00569,1,28,249340.22,4,4,4,12,High-Value
CUST00570,186,1,7907.86,2,1,2,5,Churned
CUST00571,9,9,48548.13,3,3,3,9,High-Value
CUST00572,1,11,135524.72999999998,4,4,4,12,High-Value
CUST00573,9,5,58533.11,3,2,3,8,Regular
CUST00574,292,8,31895.49,2,3,3,8,At-Risk
CUST00575,1,20,106394.87,4,4,4,12,High-Value
CUST00576,1,21,91811.39,4,4,4,12,High-Value
CUST00577,142,1,1706.85,2,1,1,4,Churned
CUST00578,1,27,190091.32,4,4,4,12,High-Value
CUST00579,1,4,13534.689999999999,4,2,2,8,Regular
CUST00580,110,1,3702.3,3,1,1,5,New
CUST00581,1,9,19456.1,4,3,2,9,Regular
CUST00582,1,25,129969.37,4,4,4,12,High-Value
CUST00583,1,10,88065.34,4,3,4,11,High-Value
CUST00584,552,1,2437.84,1,1,1,3,Churned
CUST00585,1,5,10121.2,4,2,2,8,Regular
CUST00586,175,1,2454.96,2,1,1,4,Churned
CUST00587,369,1,1962.29,1,1,1,3,Churned
CUST00588,302,1,236.05,2,1,1,4,Churned
CUST00589,395,1,1515.0,1,1,1,3,Churned
CUST00590,72,1,24329.93,3,1,2,6,New
CUST00591,20,1,470.48,3,1,1,5,New
CUST00592,40,3,40902.91,3,2,3,8,Regular
CUST00593,582,1,601.54,1,1,1,3,Churned
CUST00594,279,1,1704.41,2,1,1,4,Churned
CUST00595,1,19,121540.0,4,4,4,12,High-Value
CUST00596,328,3,10701.41,2,2,2,6,At-Risk
CUST00597,417,3,15689.06,1,2,2,5,At-Risk
CUST00598,250,1,49969.26,2,1,3,6,Churned
CUST00599,28,1,522.07,3,1,1,5,New
CUST00600,230,1,96.78,2,1,1,4,Churned
CUST00601,217,1,461.68,2,1,1,4,Churned
CUST00602,173,1,2958.36,2,1,1,4,Churned
CUST00603,77,1,5526.04,3,1,2,6,New
CUST00604,369,1,2807.52,1,1,1,3,Churned
CUST00605,407,1,767.84,1,1,1,3,Churned
CUST00606,341,5,48661.09,2,2,3,7,At-Risk
CUST00607,151,1,62644.2,2,1,3,6,Churned
CUST00608,1,3,3952.7200000000003,4,2,1,7,Regular
CUST00609,320,8,55236.62,2,3,3,8,At-Risk
CUST00610,382,11,38866.56,1,4,3,8,At-Risk
CUST00611,103,1,5031.36,3,1,2,6,New
CUST00612,1,7,36054.98,4,3,3,10,High-Value
CUST00613,107,5,13290.57,3,2,2,7,Regular
CUST00614,239,1,631.09,2,1,1,4,Churned
CUST00615,1,24,135363.16,4,4,4,12,High-Value
CUST00616,1,18,169546.17,4,4,4,12,High-Value
CUST00617,332,1,487.86,2,1,1,4,Churned
CUST00618,432,1,1184.1,1,1,1,3,Churned
CUST00619,1,12,87623.01,4,4,4,12,High-Value
CUST00620,93,6,20674.05,3,3,2,8,Regular
CUST00621,21,1,238.87,3,1,1,5,New
CUST00622,491,1,30784.78,1,1,3,5,Churned
CUST00623,215,4,71917.62,2,2,3,7,At-Risk
CUST00624,1,3,20502.769999999997,4,2,2,8,Regular
CUST00625,81,8,26276.43,3,3,2,8,Regular
CUST00626,252,5,13283.34,2,2,2,6,At-Risk
CUST00627,386,9,46818.94,1,3,3,7,At-Risk
CUST00628,230,3,22218.07,2,2,2,6,At-Risk
CUST00629,647,1,2970.22,1,1,1,3,Churned
CUST00630,554,1,51085.2,1,1,3,5,Churned
CUST00631,424,4,36292.85,1,2,3,6,At-Risk
CUST00632,1,20,88791.51,4,4,4,12,High-Value
CUST00633,422,3,6047.92,1,2,2,5,At-Risk
CUST00634,417,6,54493.41,1,3,3,7,At-Risk
CUST00635,156,1,837.93,2,1,1,4,Churned
CUST00636,378,9,21114.4,1,3,2,6,At-Risk
CUST00637,312,6,51820.00000000001,2,3,3,8,At-Risk
CUST00638,236,1,2371.02,2,1,1,4,Churned
CUST00639,62,1,98125.12,3,1,4,8,New
CUST00640,18,5,15372.570000000002,3,2,2,7,Regular
CUST00641,1,1,17506.7,4,1,2,7,New
CUST00642,459,1,10209.2,1,1,2,4,Churned
CUST00643,731,1,1400.22,1,1,1,3,Churned
CUST00644,529,1,72817.47,1,1,4,6,Churned
CUST00645,271,1,1116.8,2,1,1,4,Churned
CUST00646,1,28,150411.39,4,4,4,12,High-Value
CUST00647,1,4,5231.68,4,2,2,8,Regular
CUST00648,32,6,51076.409999999996,3,3,3,9,High-Value
CUST00649,158,11,81387.61,2,4,4,10,At-Risk
CUST00650,13,8,20506.84,3,3,2,8,Regular
CUST00651,720,1,1043.74,1,1,1,3,Churned
CUST00652,212,11,45888.04,2,4,3,9,At-Risk
CUST00653,65,7,56869.86,3,3,3,9,High-Value
CUST00654,46,10,12549.18,3,3,2,8,Regular
CUST00655,1,10,80019.66,4,3,4,11,High-Value
CUST00656,218,1,415.34,2,1,1,4,Churned
CUST00657,378,1,8622.79,1,1,2,4,Churned
CUST00658,92,11,49644.02,3,4,3,10,High-Value
CUST00659,1,10,53029.91,4,3,3,10,High-Value
CUST00660,1,3,14868.470000000001,4,2,2,8,Regular
CUST00661,337,4,14228.17,2,2,2,6,At-Risk
CUST00662,1,19,160909.51,4,4,4,12,High-Value
CUST00663,1,7,19456.129999999997,4,3,2,9,Regular
CUST00664,460,1,621.39,1,1,1,3,Churned
CUST00665,532,1,14821.74,1,1,2,4,Churned
CUST00666,382,1,1941.45,1,1,1,3,Churned
CUST00667,105,1,49767.45,3,1,3,7,New
CUST00668,194,1,347.77,2,1,1,4,Churned
CUST00669,447,1,4101.6,1,1,1,3,Churned
CUST00670,209,1,784.22,2,1,1,4,Churned
CUST00671,199,1,1950.02,2,1,1,4,Churned
CUST00672,1,28,67255.61,4,4,3,11,High-Value
CUST00673,87,1,1361.17,3,1,1,5,New
CUST00674,350,6,39857.5,1,3,3,7,At-Risk
CUST00675,363,6,11851.07,1,3,2,6,At-Risk
CUST00676,1,26,147793.04,4,4,4,12,High-Value
CUST00677,544,1,3308.78,1,1,1,3,Churned
CUST00678,1,11,171344.19,4,4,4,12,High-Value
CUST00679,1,26,133523.71,4,4,4,12,High-Value
CUST00680,1,16,73623.17,4,4,4,12,High-Value
CUST00681,1,25,261565.41,4,4,4,12,High-Value
CUST00682,471,1,535.58,1,1,1,3,Churned
CUST00683,21,1,1937.31,3,1,1,5,New
CUST00684,1,7,5488.27,4,3,2,9,Regular
CUST00685,104,12,61767.11,3,4,3,10,High-Value
CUST00686,292,5,10154.99,2,2,2,6,At-Risk
CUST00687,115,3,4173.19,3,2,1,6,Regular
CUST00688,144,1,39814.02,2,1,3,6,Churned
CUST00689,123,5,39452.06,2,2,3,7,At-Risk
CUST00690,550,1,15525.75,1,1,2,4,Churned
CUST00691,156,1,719.18,2,1,1,4,Churned
CUST00692,411,6,24802.61,1,3,2,6,At-Risk
CUST00693,454,8,84888.54999999999,1,3,4,8,At-Risk
CUST00694,533,1,870.21,1,1,1,3,Churned
CUST00695,404,1,828.7,1,1,1,3,Churned
CUST00696,11,8,43727.54,3,3,3,9,High-Value
CUST00697,511,1,4713.08,1,1,2,4,Churned
CUST00698,331,8,73751.56,2,3,4,9,At-Risk
CUST00699,489,1,1861.74,1,1,1,3,Churned
CUST00700,82,9,33253.94,3,3,3,9,High-Value
CUST00701,56,6,31579.379999999997,3,3,3,9,High-Value
CUST00702,528,1,43436.36,1,1,3,5,Churned
CUST00703,633,1,623.58,1,1,1,3,Churned
CUST00704,233,1,5811.53,2,1,2,5,Churned
CUST00705,135,1,17976.81,2,1,2,5,Churned
CUST00706,1,24,193134.41,4,4,4,12,High-Value
CUST00707,285,1,3036.5,2,1,1,4,Churned
CUST00708,1,14,101691.43000000001,4,4,4,12,High-Value
CUST00709,524,1,362.29,1,1,1,3,Churned
CUST00710,51,4,32933.25,3,2,3,8,Regular
CUST00711,600,3,41297.94,1,2,3,6,At-Risk
CUST00712,398,3,35009.29,1,2,3,6,At-Risk
CUST00713,487,10,18395.2,1,3,2,6,At-Risk
CUST00714,1,7,16255.46,4,3,2,9,Regular
CUST00715,86,1,961.03,3,1,1,5,New
CUST00716,1,13,132827.76,4,4,4,12,High-Value
CUST00717,1,21,165551.62,4,4,4,12,High-Value
CUST00718,1,20,103140.97,4,4,4,12,High-Value
CUST00719,264,1,21514.22,2,1,2,5,Churned
CUST00720,1,9,49351.97,4,3,3,10,High-Value
CUST00721,1,27,230097.29,4,4,4,12,High-Value
CUST00722,346,1,3110.34,2,1,1,4,Churned
CUST00723,370,1,1048.74,1,1,1,3,Churned
CUST00724,14,5,21082.42,3,2,2,7,Regular
CUST00725,392,10,69897.31999999999,1,3,3,7,At-Risk
CUST00726,1,15,130916.59,4,4,4,12,High-Value
CUST00727,31,1,20846.51,3,1,2,6,New
CUST00728,1,5,19663.48,4,2,2,8,Regular
CUST00729,731,1,1622.44,1,1,1,3,Churned
CUST00730,29,1,396.1,3,1,1,5,New
CUST00731,487,1,3507.66,1,1,1,3,Churned
CUST00732,1,29,162728.65,4,4,4,12,High-Value
CUST00733,160,6,26189.55,2,3,2,7,At-Risk
CUST00734,87,7,72147.36,3,3,3,9,High-Value
CUST00735,149,9,49189.46000000001,2,3,3,8,At-Risk
CUST00736,1,17,203534.82,4,4,4,12,High-Value
CUST00737,47,6,20639.75,3,3,2,8,Regular
CUST00738,1,22,176644.30000000002,4,4,4,12,High-Value
CUST00739,349,7,84572.19,1,3,4,8,At-Risk
CUST00740,1,7,29138.0,4,3,3,10,High-Value
CUST00741,1,5,24710.39,4,2,2,8,Regular
CUST00742,597,1,1574.65,1,1,1,3,Churned
CUST00743,1,7,42470.33,4,3,3,10,High-Value
CUST00744,27,5,86571.79,3,2,4,9,Regular
CUST00745,169,1,5494.02,2,1,2,5,Churned
CUST00746,26,19,182528.36000000002,3,4,4,11,High-Value
CUST00747,278,7,24113.140000000003,2,3,2,7,At-Risk
CUST00748,188,8,35319.6,2,3,3,8,At-Risk
CUST00749,1,14,70127.31,4,4,3,11,High-Value
CUST00750,309,9,87590.19,2,3,4,9,At-Risk
CUST00751,681,1,1567.94,1,1,1,3,Churned
CUST00752,1,23,130738.9,4,4,4,12,High-Value
CUST00753,57,8,64327.5,3,3,3,9,High-Value
CUST00754,154,1,828.06,2,1,1,4,Churned
CUST00755,27,1,1307.77,3,1,1,5,New
CUST00756,108,3,5454.6900000000005,3,2,2,7,Regular
CUST00757,1,5,11384.91,4,2,2,8,Regular
CUST00758,290,9,19906.52,2,3,2,7,At-Risk
CUST00759,1,24,124179.83,4,4,4,12,High-Value
CUST00760,149,4,83309.70999999999,2,2,4,8,At-Risk
CUST00761,547,1,250.24,1,1,1,3,Churned
CUST00762,710,1,1641.58,1,1,1,3,Churned
CUST00763,603,1,2128.44,1,1,1,3,Churned
CUST00764,1,4,92150.09,4,2,4,10,Regular
CUST00765,598,1,3876.5,1,1,1,3,Churned
CUST00766,1,8,48317.43,4,3,3,10,High-Value
CUST00767,18,5,14768.369999999999,3,2,2,7,Regular
CUST00768,1,23,69215.44,4,4,3,11,High-Value
CUST00769,525,1,364.38,1,1,1,3,Churned
CUST00770,1,19,151797.56,4,4,4,12,High-Value
CUST00771,1,1,5808.33,4,1,2,7,New
CUST00772,1,15,75104.8,4,4,4,12,High-Value
CUST00773,57,1,27979.02,3,1,3,7,New
CUST00774,15,6,20302.83,3,3,2,8,Regular
CUST00775,1,6,112503.93,4,3,4,11,High-Value
CUST00776,284,1,43384.5,2,1,3,6,Churned
CUST00777,376,1,265.83,1,1,1,3,Churned
CUST00778,391,8,41522.38,1,3,3,7,At-Risk
CUST00779,161,8,54132.399999999994,2,3,3,8,At-Risk
CUST00780,14,4,20160.75,3,2,2,7,Regular
CUST00781,323,6,24444.18,2,3,2,7,At-Risk
CUST00782,1,9,91285.77,4,3,4,11,High-Value
CUST00783,468,1,10818.79,1,1,2,4,Churned
CUST00784,442,1,2872.31,1,1,1,3,Churned
CUST00785,541,1,9890.4,1,1,2,4,Churned
CUST00786,16,23,91695.79000000001,3,4,4,11,High-Value
CUST00787,1,9,19706.14,4,3,2,9,Regular
CUST00788,337,8,12395.74,2,3,2,7,At-Risk
CUST00789,131,4,51222.69,2,2,3,7,At-Risk
CUST00790,1,21,153142.48,4,4,4,12,High-Value
CUST00791,574,1,3756.48,1,1,1,3,Churned
CUST00792,129,7,112224.54000000001,2,3,4,9,At-Risk
CUST00793,9,7,40879.82,3,3,3,9,High-Value
CUST00794,51,9,52544.31,3,3,3,9,High-Value
CUST00795,202,1,907.04,2,1,1,4,Churned
CUST00796,1,23,167518.53,4,4,4,12,High-Value
CUST00797,1,27,201736.51,4,4,4,12,High-Value
CUST00798,123,11,84602.63,2,4,4,10,At-Risk
CUST00799,1,11,180002.93,4,4,4,12,High-Value
CUST00800,1,13,43789.46,4,4,3,11,High-Value
CUST00801,1,11,68097.58,4,4,3,11,High-Value
CUST00802,392,1,751.04,1,1,1,3,Churned
CUST00803,1,9,53131.700000000004,4,3,3,10,High-Value
CUST00804,1,7,17353.87,4,3,2,9,Regular
CUST00805,1,3,6683.55,4,2,2,8,Regular
CUST00806,44,6,26174.809999999998,3,3,2,8,Regular
CUST00807,1,29,158875.03,4,4,4,12,High-Value
CUST00808,1,29,290871.77,4,4,4,12,High-Value
CUST00809,356,10,26620.9,1,3,2,6,At-Risk
CUST00810,539,1,626.36,1,1,1,3,Churned
CUST00811,5,21,155400.49,3,4,4,11,High-Value
CUST00812,1,28,169203.74,4,4,4,12,High-Value
CUST00813,573,1,6124.67,1,1,2,4,Churned
CUST00814,1,15,92365.11,4,4,4,12,High-Value
CUST00815,1,12,75458.78,4,4,4,12,High-Value
CUST00816,4,10,54092.75,3,3,3,9,High-Value
CUST00817,336,5,33266.47,2,2,3,7,At-Risk
CUST00818,107,5,49303.08,3,2,3,8,Regular
CUST00819,166,1,1100.12,2,1,1,4,Churned
CUST00820,44,1,5510.4,3,1,2,6,New
CUST00821,1,23,138071.9,4,4,4,12,High-Value
CUST00822,256,1,864.02,2,1,1,4,Churned
CUST00823,44,1,3000.22,3,1,1,5,New
CUST00824,1,10,81199.36,4,3,4,11,High-Value
CUST00825,1,7,98050.38,4,3,4,11,High-Value
CUST00826,1,24,182881.94,4,4,4,12,High-Value
CUST00827,167,1,2097.0,2,1,1,4,Churned
CUST00828,288,1,1719.71,2,1,1,4,Churned
CUST00829,247,10,70464.31,2,3,3,8,At-Risk
CUST00830,71,4,16322.970000000001,3,2,2,7,Regular
CUST00831,348,1,12042.92,2,1,2,5,Churned
CUST00832,116,7,19126.74,3,3,2,8,Regular
CUST00833,24,1,672.28,3,1,1,5,New
CUST00834,441,1,4040.0,1,1,1,3,Churned
CUST00835,1,10,104309.04000000001,4,3,4,11,High-Value
CUST00836,254,9,28404.4,2,3,3,8,At-Risk
CUST00837,1,20,88144.94,4,4,4,12,High-Value
CUST00838,1,7,66811.81,4,3,3,10,High-Value
CUST00839,416,6,68064.91,1,3,3,7,At-Risk
CUST00840,1,7,39083.45,4,3,3,10,High-Value
CUST00841,535,1,554.76,1,1,1,3,Churned
CUST00842,179,10,57921.44,2,3,3,8,At-Risk
CUST00843,647,1,4868.49,1,1,2,4,Churned
CUST00844,20,14,63064.25,3,4,3,10,High-Value
CUST00845,230,1,3113.15,2,1,1,4,Churned
CUST00846,363,6,14495.14,1,3,2,6,At-Risk
CUST00847,555,1,703.86,1,1,1,3,Churned
CUST00848,1,22,90811.16,4,4,4,12,High-Value
CUST00849,191,7,23193.87,2,3,2,7,At-Risk
CUST00850,1,7,29469.539999999997,4,3,3,10,High-Value
CUST00851,74,1,1639.3,3,1,1,5,New
CUST00852,7,9,121993.84,3,3,4,10,High-Value
CUST00853,150,1,29380.08,2,1,3,6,Churned
CUST00854,1,27,134497.9,4,4,4,12,High-Value
CUST00855,309,1,9494.52,2,1,2,5,Churned
CUST00856,525,1,71223.84,1,1,3,5,Churned
CUST00857,298,1,841.0,2,1,1,4,Churned
CUST00858,91,7,150945.56,3,3,4,10,High-Value
CUST00859,1,7,50974.00000000001,4,3,3,10,High-Value
CUST00860,23,1,222.6,3,1,1,5,New
CUST00861,1,11,51332.28,4,4,3,11,High-Value
CUST00862,118,8,28242.59,2,3,3,8,At-Risk
CUST00863,1,10,88241.84,4,3,4,11,High-Value
CUST00864,319,4,11471.14,2,2,2,6,At-Risk
CUST00865,386,9,18761.09,1,3,2,6,At-Risk
CUST00866,74,8,115632.65000000001,3,3,4,10,High-Value
CUST00867,358,1,894.55,1,1,1,3,Churned
CUST00868,652,1,355.48,1,1,1,3,Churned
CUST00869,1,19,107142.77,4,4,4,12,High-Value
CUST00870,1,16,132385.26,4,4,4,12,High-Value
CUST00871,1,5,11206.94,4,2,2,8,Regular
CUST00872,627,1,3664.66,1,1,1,3,Churned
CUST00873,1,8,12909.25,4,3,2,9,Regular
CUST00874,1,5,57538.05,4,2,3,9,Regular
CUST00875,172,1,5394.26,2,1,2,5,Churned
CUST00876,557,1,15058.51,1,1,2,4,Churned
CUST00877,1,4,52600.06,4,2,3,9,Regular
CUST00878,352,6,10855.25,1,3,2,6,At-Risk
CUST00879,111,1,1868.48,3,1,1,5,New
CUST00880,586,1,3605.28,1,1,1,3,Churned
CUST00881,5,1,1347.67,3,1,1,5,New
CUST00882,31,7,53767.75,3,3,3,9,High-Value
CUST00883,644,1,1557.34,1,1,1,3,Churned
CUST00884,244,1,4247.15,2,1,1,4,Churned
CUST00885,1,9,10865.8,4,3,2,9,Regular
CUST00886,362,1,2773.97,1,1,1,3,Churned
CUST00887,1,11,58385.07000000001,4,4,3,11,High-Value
CUST00888,184,1,474.91,2,1,1,4,Churned
CUST00889,314,1,1743.57,2,1,1,4,Churned
CUST00890,654,1,4109.26,1,1,1,3,Churned
CUST00891,1,6,17089.52,4,3,2,9,Regular
CUST00892,1,21,141663.34,4,4,4,12,High-Value
CUST00893,1,12,36034.68,4,4,3,11,High-Value
CUST00894,263,9,85349.35,2,3,4,9,At-Risk
CUST00895,163,3,7777.7,2,2,2,6,At-Risk
CUST00896,262,1,1084.98,2,1,1,4,Churned
CUST00897,512,1,41261.36,1,1,3,5,Churned
CUST00898,1,21,115104.87,4,4,4,12,High-Value
CUST00899,329,1,1699.9,2,1,1,4,Churned
CUST00900,324,1,300.94,2,1,1,4,Churned
CUST00901,317,1,2764.6,2,1,1,4,Churned
CUST00902,438,1,1073.0,1,1,1,3,Churned
CUST00903,111,1,84.51,3,1,1,5,New
CUST00904,231,11,123684.1,2,4,4,10,At-Risk
CUST00905,1,9,85047.23999999999,4,3,4,11,High-Value
CUST00906,1,19,63882.130000000005,4,4,3,11,High-Value
CUST00907,1,26,225731.37,4,4,4,12,High-Value
CUST00908,168,1,597.13,2,1,1,4,Churned
CUST00909,534,1,815.64,1,1,1,3,Churned
CUST00910,1,5,32908.729999999996,4,2,3,9,Regular
CUST00911,347,9,41881.509999999995,2,3,3,8,At-Risk
CUST00912,656,1,3277.93,1,1,1,3,Churned
CUST00913,24,11,59415.670000000006,3,4,3,10,High-Value
CUST00914,459,6,33159.12,1,3,3,7,At-Risk
CUST00915,369,6,18792.11,1,3,2,6,At-Risk
CUST00916,1,3,8343.76,4,2,2,8,Regular
CUST00917,444,1,1829.71,1,1,1,3,Churned
CUST00918,1,28,173434.57,4,4,4,12,High-Value
CUST00919,1,9,85784.45,4,3,4,11,High-Value
CUST00920,645,1,993.12,1,1,1,3,Churned
CUST00921,1,23,149471.39,4,4,4,12,High-Value
CUST00922,5,9,40246.76,3,3,3,9,High-Value
CUST00923,1,26,227922.9,4,4,4,12,High-Value
CUST00924,387,9,126610.61,1,3,4,8,At-Risk
CUST00925,49,7,86492.62000000001,3,3,4,10,High-Value
CUST00926,642,1,2258.47,1,1,1,3,Churned
CUST00927,450,1,4436.79,1,1,2,4,Churned
CUST00928,1,5,9454.800000000001,4,2,2,8,Regular
CUST00929,1,4,15289.5,4,2,2,8,Regular
CUST00930,510,1,6120.35,1,1,2,4,Churned
CUST00931,559,1,1084.16,1,1,1,3,Churned
CUST00932,1,24,113814.39,4,4,4,12,High-Value
CUST00933,1,23,171470.79,4,4,4,12,High-Value
CUST00934,1,9,44214.76,4,3,3,10,High-Value
CUST00935,93,1,28480.01,3,1,3,7,New
CUST00936,1,1,2412.8,4,1,1,6,New
CUST00937,483,1,20211.12,1,1,2,4,Churned
CUST00938,1,21,73082.59,4,4,4,12,High-Value
CUST00939,475,1,1556.62,1,1,1,3,Churned
CUST00940,1,11,12452.72,4,4,2,10,Regular
CUST00941,344,1,22941.67,2,1,2,5,Churned
CUST00942,42,8,32294.39,3,3,3,9,High-Value
CUST00943,93,5,71627.53,3,2,3,8,Regular
CUST00944,1,12,122000.84,4,4,4,12,High-Value
CUST00945,630,1,5307.71,1,1,2,4,Churned
CUST00946,462,1,1995.62,1,1,1,3,Churned
CUST00947,1,1,628.11,4,1,1,6,New
CUST00948,1,28,96782.65,4,4,4,12,High-Value
CUST00949,1,20,164397.1,4,4,4,12,High-Value
CUST00950,410,3,2751.46,1,2,1,4,At-Risk
CUST00951,1,11,61448.67,4,4,3,11,High-Value
CUST00952,444,6,78912.79,1,3,4,8,At-Risk
CUST00953,60,1,7803.02,3,1,2,6,New
CUST00954,1,15,116126.87,4,4,4,12,High-Value
CUST00955,1,4,6985.91,4,2,2,8,Regular
CUST00956,287,10,49801.62,2,3,3,8,At-Risk
CUST00957,311,3,3560.04,2,2,1,5,At-Risk
CUST00958,189,1,637.98,2,1,1,4,Churned
CUST00959,382,1,3369.17,1,1,1,3,Churned
CUST00960,339,11,109502.49,2,4,4,10,At-Risk
CUST00961,318,1,3584.27,2,1,1,4,Churned
CUST00962,281,7,47418.06,2,3,3,8,At-Risk
CUST00963,121,1,50837.52,2,1,3,6,Churned
CUST00964,1,9,59561.57,4,3,3,10,High-Value
CUST00965,517,1,506.15,1,1,1,3,Churned
CUST00966,36,11,74795.18,3,4,4,11,High-Value
CUST00967,1,10,24434.43,4,3,2,9,Regular
CUST00968,253,1,3984.59,2,1,1,4,Churned
CUST00969,1,11,72365.77,4,4,3,11,High-Value
CUST00970,419,3,8403.970000000001,1,2,2,5,At-Risk
CUST00971,283,5,18422.7,2,2,2,6,At-Risk
CUST00972,1,14,50161.37,4,4,3,11,High-Value
CUST00973,1,11,62058.36,4,4,3,11,High-Value
CUST00974,654,1,5866.02,1,1,2,4,Churned
CUST00975,349,1,1117.58,1,1,1,3,Churned
CUST00976,399,1,2489.94,1,1,1,3,Churned
CUST00977,1,6,34883.149999999994,4,3,3,10,High-Value
CUST00978,105,1,3805.91,3,1,1,5,New
CUST00979,1,7,10096.57,4,3,2,9,Regular
CUST00980,15,9,36767.100000000006,3,3,3,9,High-Value
CUST00981,1,1,2648.48,4,1,1,6,New
CUST00982,181,3,21307.96,2,2,2,6,At-Risk
CUST00983,221,1,6722.58,2,1,2,5,Churned
CUST00984,681,1,7271.59,1,1,2,4,Churned
CUST00985,347,5,11135.0,2,2,2,6,At-Risk
CUST00986,1,8,65351.97,4,3,3,10,High-Value
CUST00987,170,6,39771.24,2,3,3,8,At-Risk
CUST00988,1,4,61268.87,4,2,3,9,Regular
CUST00989,731,1,28589.88,1,1,3,5,Churned
CUST00990,1,28,116190.76,4,4,4,12,High-Value
CUST00991,288,7,21093.28,2,3,2,7,At-Risk
CUST00992,331,7,49019.41,2,3,3,8,At-Risk
CUST00993,150,1,811.32,2,1,1,4,Churned
CUST00994,1,9,22506.23,4,3,2,9,Regular
CUST00995,300,6,41091.219999999994,2,3,3,8,At-Risk
CUST00996,267,1,507.64,2,1,1,4,Churned
CUST00997,1,23,204262.72,4,4,4,12,High-Value
CUST00998,414,1,921.2,1,1,1,3,Churned
CUST00999,1,20,74170.93,4,4,4,12,High-Value
CUST01000,59,6,32672.120000000003,3,3,3,9,High-Value
CUST01001,415,1,300.36,1,1,1,3,Churned
CUST01002,1,4,19314.75,4,2,2,8,Regular
CUST01003,1,23,183761.02,4,4,4,12,High-Value
CUST01004,11,4,43189.12,3,2,3,8,Regular
CUST01005,56,22,179288.53,3,4,4,11,High-Value
CUST01006,28,5,52595.06,3,2,3,8,Regular
CUST01007,48,3,103101.09,3,2,4,9,Regular
CUST01008,1,20,116750.96,4,4,4,12,High-Value
CUST01009,392,1,104809.96,1,1,4,6,Churned
CUST01010,43,10,35913.65,3,3,3,9,High-Value
CUST01011,562,1,12006.68,1,1,2,4,Churned
CUST01012,1,24,133339.62,4,4,4,12,High-Value
CUST01013,1,23,211383.21,4,4,4,12,High-Value
CUST01014,348,1,12625.09,2,1,2,5,Churned
CUST01015,1,7,103495.20000000001,4,3,4,11,High-Value
CUST01016,1,12,39346.18,4,4,3,11,High-Value
CUST01017,97,1,4437.91,3,1,2,6,New
CUST01018,1,9,30630.9,4,3,3,10,High-Value
CUST01019,1,29,173428.38999999998,4,4,4,12,High-Value
CUST01020,510,1,2100.23,1,1,1,3,Churned
CUST01021,308,4,3081.1,2,2,1,5,At-Risk
CUST01022,280,1,17874.17,2,1,2,5,Churned
CUST01023,1,29,249948.37,4,4,4,12,High-Value
CUST01024,1,23,119479.43000000001,4,4,4,12,High-Value
CUST01025,1,19,93709.82,4,4,4,12,High-Value
CUST01026,263,8,19271.059999999998,2,3,2,7,At-Risk
CUST01027,5,13,81355.25,3,4,4,11,High-Value
CUST01028,1,18,120879.45999999999,4,4,4,12,High-Value
CUST01029,169,1,2122.24,2,1,1,4,Churned
CUST01030,1,17,71688.53,4,4,3,11,High-Value
CUST01031,353,1,425.43,1,1,1,3,Churned
CUST01032,324,11,105663.57,2,4,4,10,At-Risk
CUST01033,177,1,1582.48,2,1,1,4,Churned
CUST01034,682,1,7146.14,1,1,2,4,Churned
CUST01035,430,1,2945.96,1,1,1,3,Churned
CUST01036,1,7,20208.24,4,3,2,9,Regular
CUST01037,329,1,4283.06,2,1,1,4,Churned
CUST01038,328,9,32370.8,2,3,3,8,At-Risk
CUST01039,251,1,82.57,2,1,1,4,Churned
CUST01040,159,1,27743.6,2,1,3,6,Churned
CUST01041,1,8,63186.82,4,3,3,10,High-Value
CUST01042,44,6,57433.950000000004,3,3,3,9,High-Value
CUST01043,181,1,5116.36,2,1,2,5,Churned
CUST01044,14,10,60376.590000000004,3,3,3,9,High-Value
CUST01045,1,18,80258.42,4,4,4,12,High-Value
CUST01046,72,11,109080.89,3,4,4,11,High-Value
CUST01047,584,1,19927.45,1,1,2,4,Churned
CUST01048,423,1,22521.06,1,1,2,4,Churned
CUST01049,1,21,273155.04000000004,4,4,4,12,High-Value
CUST01050,209,1,4494.88,2,1,2,5,Churned
CUST01051,1,23,245608.76,4,4,4,12,High-Value
CUST01052,1,9,109210.14,4,3,4,11,High-Value
CUST01053,1,21,180389.57,4,4,4,12,High-Value
CUST01054,1,3,6649.85,4,2,2,8,Regular
CUST01055,1,20,90254.77,4,4,4,12,High-Value
CUST01056,228,5,37151.06,2,2,3,7,At-Risk
CUST01057,1,9,50483.83,4,3,3,10,High-Value
CUST01058,101,4,7596.75,3,2,2,7,Regular
CUST01059,343,8,109200.53,2,3,4,9,At-Risk
CUST01060,142,5,18783.75,2,2,2,6,At-Risk
CUST01061,56,23,184564.95,3,4,4,11,High-Value
CUST01062,1,26,172458.18,4,4,4,12,High-Value
CUST01063,343,8,38487.44,2,3,3,8,At-Risk
CUST01064,252,4,8898.09,2,2,2,6,At-Risk
CUST01065,165,5,51265.7,2,2,3,7,At-Risk
CUST01066,1,5,41348.700000000004,4,2,3,9,Regular
CUST01067,29,1,4369.2,3,1,1,5,New
CUST01068,118,1,3744.12,2,1,1,4,Churned
CUST01069,17,9,95240.14,3,3,4,10,High-Value
CUST01070,564,1,41105.96,1,1,3,5,Churned
CUST01071,449,1,22917.27,1,1,2,4,Churned
CUST01072,730,1,1873.65,1,1,1,3,Churned
CUST01073,442,1,3217.25,1,1,1,3,Churned
CUST01074,482,1,4292.46,1,1,1,3,Churned
CUST01075,1,21,138290.96,4,4,4,12,High-Value
CUST01076,1,11,153824.73,4,4,4,12,High-Value
CUST01077,1,5,26056.41,4,2,2,8,Regular
CUST01078,235,8,51863.97,2,3,3,8,At-Risk
CUST01079,471,1,3531.18,1,1,1,3,Churned
CUST01080,1,14,88111.45,4,4,4,12,High-Value
CUST01081,31,6,38186.479999999996,3,3,3,9,High-Value
CUST01082,222,1,2248.5,2,1,1,4,Churned
CUST01083,1,8,47374.55,4,3,3,10,High-Value
CUST01084,1,23,158166.54,4,4,4,12,High-Value
CUST01085,1,19,138561.0,4,4,4,12,High-Value
CUST01086,306,6,47609.28,2,3,3,8,At-Risk
CUST01087,453,8,39891.61,1,3,3,7,At-Risk
CUST01088,177,1,680.16,2,1,1,4,Churned
CUST01089,1,14,90792.49,4,4,4,12,High-Value
CUST01090,731,1,2721.18,1,1,1,3,Churned
CUST01091,1,13,104940.05,4,4,4,12,High-Value
CUST01092,221,11,85651.87,2,4,4,10,At-Risk
CUST01093,48,4,35033.53,3,2,3,8,Regular
CUST01094,34,8,48074.54,3,3,3,9,High-Value
CUST01095,731,1,624.62,1,1,1,3,Churned
CUST01096,163,1,1961.76,2,1,1,4,Churned
CUST01097,183,1,1000.48,2,1,1,4,Churned
CUST01098,395,1,1331.25,1,1,1,3,Churned
CUST01099,149,6,81491.89,2,3,4,9,At-Risk
CUST01100,24,11,106162.05,3,4,4,11,High-Value
CUST01101,487,1,3241.24,1,1,1,3,Churned
CUST01102,1,24,108321.53,4,4,4,12,High-Value
CUST01103,1,21,77701.74,4,4,4,12,High-Value
CUST01104,1,12,80668.57,4,4,4,12,High-Value
CUST01105,1,19,160417.95,4,4,4,12,High-Value
CUST01106,250,1,23144.43,2,1,2,5,Churned
CUST01107,1,5,20452.37,4,2,2,8,Regular
CUST01108,1,7,35298.01,4,3,3,10,High-Value
CUST01109,1,9,36258.98,4,3,3,10,High-Value
CUST01110,426,1,18386.58,1,1,2,4,Churned
CUST01111,11,13,76690.36,3,4,4,11,High-Value
CUST01112,48,1,887.81,3,1,1,5,New
CUST01113,1,1,1426.24,4,1,1,6,New
CUST01114,63,9,68639.90999999999,3,3,3,9,High-Value
CUST01115,1,8,37407.88,4,3,3,10,High-Value
CUST01116,1,6,18459.46,4,3,2,9,Regular
CUST01117,547,1,10816.14,1,1,2,4,Churned
CUST01118,1,23,259386.92,4,4,4,12,High-Value
CUST01119,56,1,24933.69,3,1,2,6,New
CUST01120,599,1,9360.15,1,1,2,4,Churned
CUST01121,3,22,193986.78,3,4,4,11,High-Value
CUST01122,1,17,78105.45000000001,4,4,4,12,High-Value
CUST01123,1,25,115299.68,4,4,4,12,High-Value
CUST01124,1,17,271986.89,4,4,4,12,High-Value
CUST01125,285,8,40240.450000000004,2,3,3,8,At-Risk
CUST01126,375,8,32415.26,1,3,3,7,At-Risk
CUST01127,168,1,1505.1,2,1,1,4,Churned
CUST01128,431,3,6605.650000000001,1,2,2,5,At-Risk
CUST01129,343,7,25516.960000000003,2,3,2,7,At-Risk
CUST01130,271,1,208.88,2,1,1,4,Churned
CUST01131,55,4,53682.21,3,2,3,8,Regular
CUST01132,434,9,156468.41,1,3,4,8,At-Risk
CUST01133,347,1,2148.54,2,1,1,4,Churned
CUST01134,275,1,2854.48,2,1,1,4,Churned
CUST01135,129,5,8256.49,2,2,2,6,At-Risk
CUST01136,516,1,83.99,1,1,1,3,Churned
CUST01137,1,21,191558.63,4,4,4,12,High-Value
CUST01138,115,4,70820.7,3,2,3,8,Regular
CUST01139,422,8,57526.54,1,3,3,7,At-Risk
CUST01140,493,4,82379.01,1,2,4,7,At-Risk
CUST01141,1,24,299129.29,4,4,4,12,High-Value
CUST01142,433,1,691.78,1,1,1,3,Churned
CUST01143,393,7,68967.17,1,3,3,7,At-Risk
CUST01144,1,7,74898.24,4,3,4,11,High-Value
CUST01145,329,1,22283.89,2,1,2,5,Churned
CUST01146,1,24,206391.72,4,4,4,12,High-Value
CUST01147,1,9,16845.73,4,3,2,9,Regular
CUST01148,3,7,29172.890000000003,3,3,3,9,High-Value
CUST01149,1,16,80469.88,4,4,4,12,High-Value
CUST01150,1,13,60115.48,4,4,3,11,High-Value
CUST01151,193,7,38739.85,2,3,3,8,At-Risk
CUST01152,16,27,186372.11000000002,3,4,4,11,High-Value
CUST01153,253,5,19909.670000000002,2,2,2,6,At-Risk
CUST01154,338,8,34815.56,2,3,3,8,At-Risk
CUST01155,1,5,10175.05,4,2,2,8,Regular
CUST01156,488,5,13061.16,1,2,2,5,At-Risk
CUST01157,532,1,1467.05,1,1,1,3,Churned
CUST01158,1,22,197618.2,4,4,4,12,High-Value
CUST01159,1,12,50208.1,4,4,3,11,High-Value
CUST01160,539,1,24777.02,1,1,2,4,Churned
CUST01161,1,22,92851.86,4,4,4,12,High-Value
CUST01162,510,1,6425.29,1,1,2,4,Churned
CUST01163,542,1,6755.62,1,1,2,4,Churned
CUST01164,264,8,42678.93,2,3,3,8,At-Risk
CUST01165,155,1,774.86,2,1,1,4,Churned
CUST01166,13,22,130313.63,3,4,4,11,High-Value
CUST01167,1,26,75496.29,4,4,4,12,High-Value
CUST01168,421,4,65025.51,1,2,3,6,At-Risk
CUST01169,616,1,12839.39,1,1,2,4,Churned
CUST01170,652,1,23026.92,1,1,2,4,Churned
CUST01171,277,9,17521.75,2,3,2,7,At-Risk
CUST01172,1,22,176517.22999999998,4,4,4,12,High-Value
CUST01173,366,8,69144.39,1,3,3,7,At-Risk
CUST01174,283,1,558.32,2,1,1,4,Churned
CUST01175,1,4,63235.880000000005,4,2,3,9,Regular
CUST01176,215,7,71304.61,2,3,3,8,At-Risk
CUST01177,288,4,31896.679999999997,2,2,3,7,At-Risk
CUST01178,422,1,994.97,1,1,1,3,Churned
CUST01179,132,4,12450.24,2,2,2,6,At-Risk
CUST01180,289,8,32697.47,2,3,3,8,At-Risk
CUST01181,1,26,151010.58,4,4,4,12,High-Value
CUST01182,698,1,8967.12,1,1,2,4,Churned
CUST01183,485,3,15165.95,1,2,2,5,At-Risk
CUST01184,1,16,47050.53,4,4,3,11,High-Value
CUST01185,321,1,8612.52,2,1,2,5,Churned
CUST01186,1,24,200901.68,4,4,4,12,High-Value
CUST01187,91,8,13911.7,3,3,2,8,Regular
CUST01188,77,1,5167.25,3,1,2,6,New
CUST01189,107,1,784.37,3,1,1,5,New
CUST01190,1,3,58649.47,4,2,3,9,Regular
CUST01191,160,1,135.96,2,1,1,4,Churned
CUST01192,387,10,17980.6,1,3,2,6,At-Risk
CUST01193,500,1,1208.56,1,1,1,3,Churned
CUST01194,227,4,27455.09,2,2,3,7,At-Risk
CUST01195,544,1,469.82,1,1,1,3,Churned
CUST01196,1,17,125046.12,4,4,4,12,High-Value
CUST01197,1,25,95027.06,4,4,4,12,High-Value
CUST01198,1,22,69717.55,4,4,3,11,High-Value
CUST01199,1,10,59956.70999999999,4,3,3,10,High-Value
CUST01200,429,1,299.48,1,1,1,3,Churned
CUST01201,1,8,13489.85,4,3,2,9,Regular
CUST01202,642,1,1352.28,1,1,1,3,Churned
CUST01203,351,1,4533.59,1,1,2,4,Churned
CUST01204,236,1,5038.86,2,1,2,5,Churned
CUST01205,235,6,29448.97,2,3,3,8,At-Risk
CUST01206,196,4,11819.58,2,2,2,6,At-Risk
CUST01207,4,11,40091.28,3,4,3,10,High-Value
CUST01208,7,8,82322.84,3,3,4,10,High-Value
CUST01209,41,1,1921.38,3,1,1,5,New
CUST01210,1,16,70704.86,4,4,3,11,High-Value
CUST01211,367,8,53532.39,1,3,3,7,At-Risk
CUST01212,295,11,18342.05,2,4,2,8,At-Risk
CUST01213,107,1,2092.48,3,1,1,5,New
CUST01214,7,8,37123.93,3,3,3,9,High-Value
CUST01215,1,7,55604.090000000004,4,3,3,10,High-Value
CUST01216,196,1,1485.26,2,1,1,4,Churned
CUST01217,731,1,815.64,1,1,1,3,Churned
CUST01218,359,10,42584.46,1,3,3,7,At-Risk
CUST01219,201,5,14729.039999999999,2,2,2,6,At-Risk
CUST01220,491,1,5586.28,1,1,2,4,Churned
CUST01221,1,19,113143.03,4,4,4,12,High-Value
CUST01222,478,1,2849.74,1,1,1,3,Churned
CUST01223,317,7,42770.7,2,3,3,8,At-Risk
CUST01224,1,21,169535.24000000002,4,4,4,12,High-Value
CUST01225,24,6,52170.990000000005,3,3,3,9,High-Value
CUST01226,256,4,10668.77,2,2,2,6,At-Risk
CUST01227,379,7,19355.5,1,3,2,6,At-Risk
CUST01228,188,1,965.16,2,1,1,4,Churned
CUST01229,1,21,170210.56,4,4,4,12,High-Value
CUST01230,1,6,19377.239999999998,4,3,2,9,Regular
CUST01231,30,14,171850.58000000002,3,4,4,11,High-Value
CUST01232,526,1,22826.78,1,1,2,4,Churned
CUST01233,149,1,18331.31,2,1,2,5,Churned
CUST01234,565,1,2071.56,1,1,1,3,Churned
CUST01235,467,4,6462.44,1,2,2,5,At-Risk
CUST01236,383,8,12672.279999999999,1,3,2,6,At-Risk
CUST01237,1,18,60025.04,4,4,3,11,High-Value
CUST01238,1,10,52730.329999999994,4,3,3,10,High-Value
CUST01239,7,12,61217.04,3,4,3,10,High-Value
CUST01240,84,1,5057.67,3,1,2,6,New
CUST01241,1,12,103011.98,4,4,4,12,High-Value
CUST01242,1,7,55201.07,4,3,3,10,High-Value
CUST01243,52,11,84335.52,3,4,4,11,High-Value
CUST01244,1,25,120248.41,4,4,4,12,High-Value
CUST01245,16,9,51202.64,3,3,3,9,High-Value
CUST01246,371,8,76520.42,1,3,4,8,At-Risk
CUST01247,180,1,20199.33,2,1,2,5,Churned
CUST01248,538,1,3408.52,1,1,1,3,Churned
CUST01249,1,21,186499.28,4,4,4,12,High-Value
CUST01250,251,5,25830.129999999997,2,2,2,6,At-Risk
CUST01251,301,6,7508.85,2,3,2,7,At-Risk
CUST01252,13,3,22908.11,3,2,2,7,Regular
CUST01253,719,1,1664.03,1,1,1,3,Churned
CUST01254,603,1,3835.01,1,1,1,3,Churned
CUST01255,406,4,37130.74,1,2,3,6,At-Risk
CUST01256,391,5,12281.67,1,2,2,5,At-Risk
CUST01257,535,1,13451.8,1,1,2,4,Churned
CUST01258,624,4,13423.439999999999,1,2,2,5,At-Risk
CUST01259,397,1,1497.73,1,1,1,3,Churned
CUST01260,123,4,17354.42,2,2,2,6,At-Risk
CUST01261,204,1,755.17,2,1,1,4,Churned
CUST01262,111,5,51658.67,3,2,3,8,Regular
CUST01263,659,1,1007.36,1,1,1,3,Churned
CUST01264,33,3,109897.59000000001,3,2,4,9,Regular
CUST01265,610,1,3047.76,1,1,1,3,Churned
CUST01266,340,1,1033.24,2,1,1,4,Churned
CUST01267,1,9,46718.15,4,3,3,10,High-Value
CUST01268,1,6,8401.52,4,3,2,9,Regular
CUST01269,30,6,86027.18,3,3,4,10,High-Value
CUST01270,613,1,6340.46,1,1,2,4,Churned
CUST01271,1,10,42349.86,4,3,3,10,High-Value
CUST01272,1,15,131854.39,4,4,4,12,High-Value
CUST01273,269,11,35952.67,2,4,3,9,At-Risk
CUST01274,506,1,3128.9,1,1,1,3,Churned
CUST01275,255,5,59894.31,2,2,3,7,At-Risk
CUST01276,284,1,4836.98,2,1,2,5,Churned
CUST01277,163,1,1964.15,2,1,1,4,Churned
CUST01278,1,22,101858.86,4,4,4,12,High-Value
CUST01279,350,1,1995.63,1,1,1,3,Churned
CUST01280,119,7,12311.75,2,3,2,7,At-Risk
CUST01281,1,6,9107.47,4,3,2,9,Regular
CUST01282,219,6,48295.25,2,3,3,8,At-Risk
CUST01283,67,4,10956.1,3,2,2,7,Regular
CUST01284,32,1,1236.56,3,1,1,5,New
CUST01285,46,1,1771.61,3,1,1,5,New
CUST01286,312,6,35693.67,2,3,3,8,At-Risk
CUST01287,514,1,1981.63,1,1,1,3,Churned
CUST01288,1,9,34879.3,4,3,3,10,High-Value
CUST01289,341,1,3440.68,2,1,1,4,Churned
CUST01290,104,1,1422.04,3,1,1,5,New
CUST01291,417,5,19404.469999999998,1,2,2,5,At-Risk
CUST01292,490,1,7802.98,1,1,2,4,Churned
CUST01293,123,7,46708.65,2,3,3,8,At-Risk
CUST01294,345,3,46772.14,2,2,3,7,At-Risk
CUST01295,1,18,24477.47,4,4,2,10,Regular
CUST01296,191,1,201.3,2,1,1,4,Churned
CUST01297,351,1,971.04,1,1,1,3,Churned
CUST01298,1,1,35903.62,4,1,3,8,New
CUST01299,232,11,48901.07,2,4,3,9,At-Risk
CUST01300,246,7,91981.99,2,3,4,9,At-Risk
CUST01301,158,1,371.22,2,1,1,4,Churned
CUST01302,1,18,132371.79,4,4,4,12,High-Value
CUST01303,197,1,11333.87,2,1,2,5,Churned
CUST01304,466,5,16885.75,1,2,2,5,At-Risk
CUST01305,274,3,18163.309999999998,2,2,2,6,At-Risk
CUST01306,1,21,73629.88,4,4,4,12,High-Value
CUST01307,229,11,103672.59000000001,2,4,4,10,At-Risk
CUST01308,1,15,48495.0,4,4,3,11,High-Value
CUST01309,314,1,1966.3,2,1,1,4,Churned
CUST01310,1,20,261788.45,4,4,4,12,High-Value
CUST01311,1,1,482.27,4,1,1,6,New
CUST01312,1,29,134809.4,4,4,4,12,High-Value
CUST01313,66,11,71395.7,3,4,3,10,High-Value
CUST01314,1,21,179715.16999999998,4,4,4,12,High-Value
CUST01315,288,6,72806.26,2,3,4,9,At-Risk
CUST01316,1,11,135547.45,4,4,4,12,High-Value
CUST01317,1,9,35452.369999999995,4,3,3,10,High-Value
CUST01318,42,5,34966.65,3,2,3,8,Regular
CUST01319,529,1,315.89,1,1,1,3,Churned
CUST01320,52,1,9331.64,3,1,2,6,New
CUST01321,71,1,449.29,3,1,1,5,New
CUST01322,286,1,3736.15,2,1,1,4,Churned
CUST01323,1,27,248059.84,4,4,4,12,High-Value
CUST01324,617,1,271.45,1,1,1,3,Churned
CUST01325,1,17,86425.58,4,4,4,12,High-Value
CUST01326,214,1,1712.38,2,1,1,4,Churned
CUST01327,1,1,4549.76,4,1,2,7,New
CUST01328,394,3,6274.21,1,2,2,5,At-Risk
CUST01329,18,7,75436.87,3,3,4,10,High-Value
CUST01330,309,4,29913.02,2,2,3,7,At-Risk
CUST01331,94,8,79746.47,3,3,4,10,High-Value
CUST01332,1,11,103996.33,4,4,4,12,High-Value
CUST01333,474,1,746.57,1,1,1,3,Churned
CUST01334,1,14,126903.01,4,4,4,12,High-Value
CUST01335,1,29,220043.71,4,4,4,12,High-Value
CUST01336,1,5,13156.35,4,2,2,8,Regular
CUST01337,1,1,5592.94,4,1,2,7,New
CUST01338,70,11,48898.560000000005,3,4,3,10,High-Value
CUST01339,628,1,2265.11,1,1,1,3,Churned
CUST01340,604,1,1007.83,1,1,1,3,Churned
CUST01341,201,1,393.35,2,1,1,4,Churned
CUST01342,399,9,20459.61,1,3,2,6,At-Risk
CUST01343,1,20,126715.97,4,4,4,12,High-Value
CUST01344,123,4,13469.789999999999,2,2,2,6,At-Risk
CUST01345,354,11,72585.13,1,4,3,8,At-Risk
CUST01346,62,4,7161.23,3,2,2,7,Regular
CUST01347,271,1,4206.16,2,1,1,4,Churned
CUST01348,1,7,44661.62,4,3,3,10,High-Value
CUST01349,15,23,36950.369999999995,3,4,3,10,High-Value
CUST01350,297,1,2567.72,2,1,1,4,Churned
CUST01351,1,22,88093.86,4,4,4,12,High-Value
CUST01352,300,11,120004.26000000001,2,4,4,10,At-Risk
CUST01353,1,9,85685.01000000001,4,3,4,11,High-Value
CUST01354,1,8,71767.56999999999,4,3,3,10,High-Value
CUST01355,57,5,24482.63,3,2,2,7,Regular
CUST01356,1,17,83481.8,4,4,4,12,High-Value
CUST01357,1,22,183732.24,4,4,4,12,High-Value
CUST01358,298,3,4060.7000000000003,2,2,1,5,At-Risk
CUST01359,85,1,8905.79,3,1,2,6,New
CUST01360,18,4,15988.349999999999,3,2,2,7,Regular
CUST01361,1,13,43914.97,4,4,3,11,High-Value
CUST01362,215,1,5250.6,2,1,2,5,Churned
CUST01363,397,7,69146.14,1,3,3,7,At-Risk
CUST01364,88,6,122776.40999999999,3,3,4,10,High-Value
CUST01365,1,8,64570.56999999999,4,3,3,10,High-Value
CUST01366,368,1,4906.54,1,1,2,4,Churned
CUST01367,327,10,103386.58,2,3,4,9,At-Risk
CUST01368,1,26,150174.97999999998,4,4,4,12,High-Value
CUST01369,493,1,8026.16,1,1,2,4,Churned
CUST01370,526,1,11624.0,1,1,2,4,Churned
CUST01371,1,16,90188.3,4,4,4,12,High-Value
CUST01372,122,1,15123.46,2,1,2,5,Churned
CUST01373,1,19,89657.63,4,4,4,12,High-Value
CUST01374,56,5,8126.14,3,2,2,7,Regular
CUST01375,216,1,1871.14,2,1,1,4,Churned
CUST01376,1,29,222471.71,4,4,4,12,High-Value
CUST01377,273,9,23819.18,2,3,2,7,At-Risk
CUST01378,162,3,3367.5499999999997,2,2,1,5,At-Risk
CUST01379,1,5,27172.7,4,2,3,9,Regular
CUST01380,79,9,78702.84,3,3,4,10,High-Value
CUST01381,174,1,4356.4,2,1,1,4,Churned
CUST01382,1,10,66732.20999999999,4,3,3,10,High-Value
CUST01383,1,16,148583.33,4,4,4,12,High-Value
CUST01384,412,1,1764.56,1,1,1,3,Churned
CUST01385,49,7,90413.39,3,3,4,10,High-Value
CUST01386,445,1,4281.46,1,1,1,3,Churned
CUST01387,36,3,3917.13,3,2,1,6,Regular
CUST01388,1,1,581.89,4,1,1,6,New
CUST01389,1,29,180235.98,4,4,4,12,High-Value
CUST01390,172,4,9079.59,2,2,2,6,At-Risk
CUST01391,456,1,111.91,1,1,1,3,Churned
CUST01392,446,1,2074.9,1,1,1,3,Churned
CUST01393,494,1,3945.67,1,2,1,4,At-Risk
CUST01394,1,3,5964.2300000000005,4,2,2,8,Regular
CUST01395,142,1,2681.64,2,2,1,5,At-Risk
CUST01396,1,17,102638.2,4,4,4,12,High-Value
CUST01397,96,4,33637.37,3,2,3,8,Regular
CUST01398,647,1,584.22,1,2,1,4,At-Risk
CUST01399,1,11,118269.97,4,4,4,12,High-Value
CUST01400,1,3,44698.63,4,2,3,9,Regular
CUST01401,1,1,553.15,4,2,1,7,New
CUST01402,667,1,6439.23,1,2,2,5,At-Risk
CUST01403,244,1,1748.6,2,2,1,5,At-Risk
CUST01404,1,8,20900.85,4,3,2,9,Regular
CUST01405,379,5,28489.32,1,2,3,6,At-Risk
CUST01406,1,5,7528.37,4,2,2,8,Regular
CUST01407,1,18,132394.73,4,4,4,12,High-Value
CUST01408,1,19,59103.32,4,4,3,11,High-Value
CUST01409,347,4,7875.9400000000005,2,2,2,6,At-Risk
CUST01410,1,20,131650.46,4,4,4,12,High-Value
CUST01411,207,1,11916.24,2,2,2,6,At-Risk
CUST01412,218,1,3782.04,2,2,1,5,At-Risk
CUST01413,264,1,2631.22,2,2,1,5,At-Risk
CUST01414,493,1,906.5,1,2,1,4,At-Risk
CUST01415,382,11,56517.990000000005,1,4,3,8,At-Risk
CUST01416,37,13,45265.69,3,4,3,10,High-Value
CUST01417,298,1,379.29,2,2,1,5,At-Risk
CUST01418,287,1,715.08,2,2,1,5,At-Risk
CUST01419,319,10,64082.12,2,3,3,8,At-Risk
CUST01420,1,27,100241.73,4,4,4,12,High-Value
CUST01421,516,1,3978.09,1,2,1,4,At-Risk
CUST01422,154,5,36063.84,2,2,3,7,At-Risk
CUST01423,541,1,697.13,1,2,1,4,At-Risk
CUST01424,474,1,13245.66,1,2,2,5,At-Risk
CUST01425,1,16,78016.15,4,4,4,12,High-Value
CUST01426,7,14,65677.81,3,4,3,10,High-Value
CUST01427,136,1,451.67,2,2,1,5,At-Risk
CUST01428,1,15,115131.3,4,4,4,12,High-Value
CUST01429,296,7,79152.51000000001,2,3,4,9,At-Risk
CUST01430,1,29,123359.54000000001,4,4,4,12,High-Value
CUST01431,21,11,46396.76,3,4,3,10,High-Value
CUST01432,45,10,97677.22,3,3,4,10,High-Value
CUST01433,380,6,34107.6,1,3,3,7,At-Risk
CUST01434,344,5,23996.4,2,2,2,6,At-Risk
CUST01435,229,1,1247.57,2,2,1,5,At-Risk
CUST01436,254,1,43941.12,2,2,3,7,At-Risk
CUST01437,627,1,2012.18,1,2,1,4,At-Risk
CUST01438,352,3,5321.16,1,2,2,5,At-Risk
CUST01439,228,1,1065.39,2,2,1,5,At-Risk
CUST01440,118,4,9899.32,2,2,2,6,At-Risk
CUST01441,1,13,101160.65,4,4,4,12,High-Value
CUST01442,654,1,554.84,1,2,1,4,At-Risk
CUST01443,1,5,7737.37,4,2,2,8,Regular
CUST01444,377,5,12442.18,1,2,2,5,At-Risk
CUST01445,1,27,168805.23,4,4,4,12,High-Value
CUST01446,227,1,14012.32,2,2,2,6,At-Risk
CUST01447,325,5,8718.53,2,2,2,6,At-Risk
CUST01448,1,29,159065.92,4,4,4,12,High-Value
CUST01449,1,20,88454.87,4,4,4,12,High-Value
CUST01450,431,8,24334.72,1,3,2,6,At-Risk
CUST01451,72,11,92862.08,3,4,4,11,High-Value
CUST01452,55,8,60665.59,3,3,3,9,High-Value
CUST01453,1,23,89104.42,4,4,4,12,High-Value
CUST01454,1,6,50946.969999999994,4,3,3,10,High-Value
CUST01455,637,1,47618.0,1,2,3,6,At-Risk
CUST01456,13,19,129186.39,3,4,4,11,High-Value
CUST01457,1,6,38474.59,4,3,3,10,High-Value
CUST01458,131,9,56968.13,2,3,3,8,At-Risk
CUST01459,1,1,928.68,4,2,1,7,New
CUST01460,403,8,22640.559999999998,1,3,2,6,At-Risk
CUST01461,1,7,31889.27,4,3,3,10,High-Value
CUST01462,65,7,53471.06,3,3,3,9,High-Value
CUST01463,255,1,4847.8,2,2,2,6,At-Risk
CUST01464,394,10,96976.52,1,3,4,8,At-Risk
CUST01465,1,18,120772.96,4,4,4,12,High-Value
CUST01466,731,1,594.52,1,2,1,4,At-Risk
CUST01467,1,16,36481.85,4,4,3,11,High-Value
CUST01468,322,5,28601.53,2,2,3,7,At-Risk
CUST01469,1,22,95183.12,3,4,4,11,High-Value
CUST01470,49,9,123025.34,3,3,4,10,High-Value
CUST01471,341,10,86861.04,2,3,4,9,At-Risk
CUST01472,238,5,64231.32,2,2,3,7,At-Risk
CUST01473,1,16,153866.22,3,4,4,11,High-Value
CUST01474,1,7,52100.82,3,3,3,9,High-Value
CUST01475,606,1,2701.84,1,2,1,4,At-Risk
CUST01476,1,7,32883.29,3,3,3,9,High-Value
CUST01477,1,17,59931.23,3,4,3,10,High-Value
CUST01478,346,6,76736.92,2,3,4,9,At-Risk
CUST01479,375,4,16884.84,1,2,2,5,At-Risk
CUST01480,1,8,23088.9,3,3,2,8,Regular
CUST01481,1,14,174960.07,3,4,4,11,High-Value
CUST01482,387,1,58472.28,1,2,3,6,At-Risk
CUST01483,539,5,14101.05,1,2,2,5,At-Risk
CUST01484,121,1,4010.19,2,2,1,5,At-Risk
CUST01485,639,1,3225.98,1,2,1,4,At-Risk
CUST01486,196,11,88244.76000000001,2,4,4,10,At-Risk
CUST01487,246,7,36380.25,2,3,3,8,At-Risk
CUST01488,8,9,14711.619999999999,3,3,2,8,Regular
CUST01489,311,8,59427.8,2,3,3,8,At-Risk
CUST01490,422,7,46197.840000000004,1,3,3,7,At-Risk
CUST01491,160,1,1843.16,2,2,1,5,At-Risk
CUST01492,317,10,114889.4,2,3,4,9,At-Risk
CUST01493,258,1,5459.82,2,2,2,6,At-Risk
CUST01494,293,1,24077.29,2,2,2,6,At-Risk
CUST01495,1,4,15237.61,3,2,2,7,Regular
CUST01496,347,9,123428.41,2,3,4,9,At-Risk
CUST01497,1,10,97140.97,3,3,4,10,High-Value
CUST01498,1,11,158364.14,3,4,4,11,High-Value
CUST01499,111,9,32190.719999999998,3,3,3,9,High-Value
CUST01500,1,24,204921.11,3,4,4,11,High-Value
CUST01501,215,4,9916.66,2,2,2,6,At-Risk
CUST01502,561,3,4245.33,1,2,1,4,At-Risk
CUST01503,193,1,773.11,2,2,1,5,At-Risk
CUST01504,731,1,526.18,1,2,1,4,At-Risk
CUST01505,292,10,100559.47,2,3,4,9,At-Risk
CUST01506,442,4,54879.07,1,2,3,6,At-Risk
CUST01507,1,7,54630.2,3,3,3,9,High-Value
CUST01508,84,5,11824.689999999999,3,2,2,7,Regular
CUST01509,44,4,38952.03999999999,3,2,3,8,Regular
CUST01510,176,7,62533.049999999996,2,3,3,8,At-Risk
CUST01511,1,28,175607.22,3,4,4,11,High-Value
CUST01512,382,3,1920.92,1,2,1,4,At-Risk
CUST01513,1,28,242991.07,3,4,4,11,High-Value
CUST01514,663,1,12258.75,1,2,2,5,At-Risk
CUST01515,1,1,3455.76,3,2,1,6,New
CUST01516,273,1,837.43,2,2,1,5,At-Risk
CUST01517,288,6,28674.63,2,3,3,8,At-Risk
CUST01518,1,18,138035.18,3,4,4,11,High-Value
CUST01519,112,1,880.65,3,2,1,6,New
CUST01520,1,29,193996.91,3,4,4,11,High-Value
CUST01521,694,1,624.13,1,2,1,4,At-Risk
CUST01522,1,25,276184.55,3,4,4,11,High-Value
CUST01523,462,3,1753.74,1,2,1,4,At-Risk
CUST01524,196,1,2474.62,2,2,1,5,At-Risk
CUST01525,425,3,5624.7,1,2,2,5,At-Risk
CUST01526,461,1,114.0,1,2,1,4,At-Risk
CUST01527,574,1,20003.3,1,2,2,5,At-Risk
CUST01528,723,1,18768.71,1,2,2,5,At-Risk
CUST01529,1,16,67718.11,3,4,3,10,High-Value
CUST01530,151,4,10367.72,2,2,2,6,At-Risk
CUST01531,261,1,714.03,2,2,1,5,At-Risk
CUST01532,201,10,118073.83,2,3,4,9,At-Risk
CUST01533,1,3,9185.43,3,2,2,7,Regular
CUST01534,138,1,19403.76,2,2,2,6,At-Risk
CUST01535,1,10,52337.84,3,3,3,9,High-Value
CUST01536,240,1,1026.04,2,2,1,5,At-Risk
CUST01537,498,1,813.45,1,2,1,4,At-Risk
CUST01538,12,6,44330.69,3,3,3,9,High-Value
CUST01539,139,1,981.29,2,2,1,5,At-Risk
CUST01540,47,8,104701.15,3,3,4,10,High-Value
CUST01541,279,6,43755.11,2,3,3,8,At-Risk
CUST01542,273,1,21041.33,2,2,2,6,At-Risk
CUST01543,30,7,23092.16,3,3,2,8,Regular
CUST01544,7,1,950.66,3,2,1,6,New
CUST01545,1,17,111816.86,3,4,4,11,High-Value
CUST01546,1,9,123226.31,3,3,4,10,High-Value
CUST01547,44,12,133964.78,3,4,4,11,High-Value
CUST01548,1,7,42621.22,3,3,3,9,High-Value
CUST01549,661,1,8308.19,1,2,2,5,At-Risk
CUST01550,1,11,39769.85,3,4,3,10,High-Value
CUST01551,1,18,120720.03,3,4,4,11,High-Value
CUST01552,44,10,154558.59,3,3,4,10,High-Value
CUST01553,1,21,87166.93,3,4,4,11,High-Value
CUST01554,1,28,148952.59,3,4,4,11,High-Value
CUST01555,483,1,27667.28,1,2,3,6,At-Risk
CUST01556,175,1,2662.19,2,2,1,5,At-Risk
CUST01557,311,10,36395.29,2,3,3,8,At-Risk
CUST01558,409,8,73408.04,1,3,4,8,At-Risk
CUST01559,1,29,162132.48,3,4,4,11,High-Value
CUST01560,1,25,161999.99,3,4,4,11,High-Value
CUST01561,377,4,5912.6,1,2,2,5,At-Risk
CUST01562,426,1,101183.8,1,2,4,7,At-Risk
CUST01563,331,5,38300.909999999996,2,2,3,7,At-Risk
CUST01564,106,1,15703.04,3,2,2,7,New
CUST01565,1,21,116423.86,3,4,4,11,High-Value
CUST01566,44,8,48866.95,3,3,3,9,High-Value
CUST01567,1,7,48273.47,3,3,3,9,High-Value
CUST01568,17,1,459.83,3,2,1,6,New
CUST01569,371,3,67666.69,1,2,3,6,At-Risk
CUST01570,386,6,13542.58,1,3,2,6,At-Risk
CUST01571,66,5,54372.62,3,2,3,8,Regular
CUST01572,1,1,734.83,3,2,1,6,New
CUST01573,1,7,70158.69,3,3,3,9,High-Value
CUST01574,1,29,178101.80000000002,3,4,4,11,High-Value
CUST01575,86,1,625.45,3,2,1,6,New
CUST01576,1,1,499.9,3,2,1,6,New
CUST01577,354,1,2169.51,1,2,1,4,At-Risk
CUST01578,16,6,15558.160000000002,3,3,2,8,Regular
CUST01579,63,4,31012.33,3,2,3,8,Regular
CUST01580,69,5,54197.299999999996,3,2,3,8,Regular
CUST01581,180,1,3061.96,2,2,1,5,At-Risk
CUST01582,131,10,36916.92,2,3,3,8,At-Risk
CUST01583,375,7,55875.0,1,3,3,7,At-Risk
CUST01584,62,4,15927.539999999999,3,2,2,7,Regular
CUST01585,1,21,97239.78,3,4,4,11,High-Value
CUST01586,473,1,101.33,1,2,1,4,At-Risk
CUST01587,1,5,9280.86,3,2,2,7,Regular
CUST01588,1,5,22507.280000000002,3,2,2,7,Regular
CUST01589,37,10,51524.33,3,3,3,9,High-Value
CUST01590,20,9,44746.21,3,3,3,9,High-Value
CUST01591,313,5,37060.33,2,2,3,7,At-Risk
CUST01592,1,23,104011.64,3,4,4,11,High-Value
CUST01593,121,1,4914.63,2,2,2,6,At-Risk
CUST01594,392,1,12149.25,1,2,2,5,At-Risk
CUST01595,1,7,115380.6,3,3,4,10,High-Value
CUST01596,1,10,30451.79,3,3,3,9,High-Value
CUST01597,500,1,4093.51,1,2,1,4,At-Risk
CUST01598,297,1,2297.28,2,2,1,5,At-Risk
CUST01599,218,1,1928.33,2,2,1,5,At-Risk
CUST01600,1,12,86072.76,3,4,4,11,High-Value
CUST01601,359,1,1552.0,1,2,1,4,At-Risk
CUST01602,7,1,1409.36,3,2,1,6,New
CUST01603,1,1,10873.44,3,2,2,7,New
CUST01604,473,4,52331.35,1,2,3,6,At-Risk
CUST01605,23,1,1443.53,3,2,1,6,New
CUST01606,501,6,23889.51,1,3,2,6,At-Risk
CUST01607,235,1,362.48,2,2,1,5,At-Risk
CUST01608,1,26,74014.43000000001,3,4,4,11,High-Value
CUST01609,453,1,2903.22,1,2,1,4,At-Risk
CUST01610,52,3,8319.03,3,2,2,7,Regular
CUST01611,1,25,118706.39,3,4,4,11,High-Value
CUST01612,1,3,8025.46,3,2,2,7,Regular
CUST01613,134,8,24848.73,2,3,2,7,At-Risk
CUST01614,33,1,1161.88,3,2,1,6,New
CUST01615,346,1,3270.96,2,2,1,5,At-Risk
CUST01616,115,7,57642.689999999995,3,3,3,9,High-Value
CUST01617,1,17,49987.69,3,4,3,10,High-Value
CUST01618,311,4,112617.17,2,2,4,8,At-Risk
CUST01619,102,8,43949.51,3,3,3,9,High-Value
CUST01620,224,3,26990.98,2,2,3,7,At-Risk
CUST01621,232,11,89217.12,2,4,4,10,At-Risk
CUST01622,654,1,8218.54,1,2,2,5,At-Risk
CUST01623,1,9,30478.26,3,3,3,9,High-Value
CUST01624,1,13,126929.73,3,4,4,11,High-Value
CUST01625,504,1,23158.78,1,2,2,5,At-Risk
CUST01626,368,5,7745.2,1,2,2,5,At-Risk
CUST01627,426,1,2342.64,1,2,1,4,At-Risk
CUST01628,1,4,3207.25,3,2,1,6,Regular
CUST01629,359,1,361.83,1,2,1,4,At-Risk
CUST01630,1,10,96239.01999999999,3,3,4,10,High-Value
CUST01631,1,7,49946.53,3,3,3,9,High-Value
CUST01632,302,1,9089.46,2,2,2,6,At-Risk
CUST01633,1,7,12955.7,3,3,2,8,Regular
CUST01634,195,4,9650.93,2,2,2,6,At-Risk
CUST01635,1,18,41480.9,3,4,3,10,High-Value
CUST01636,498,1,8265.58,1,2,2,5,At-Risk
CUST01637,229,11,118025.02,2,4,4,10,At-Risk
CUST01638,410,1,1222.0,1,2,1,4,At-Risk
CUST01639,1,19,135606.89,3,4,4,11,High-Value
CUST01640,1,18,145428.76,3,4,4,11,High-Value
CUST01641,1,9,58035.26,3,3,3,9,High-Value
CUST01642,1,25,180984.77,3,4,4,11,High-Value
CUST01643,76,7,81040.45000000001,3,3,4,10,High-Value
CUST01644,48,6,38003.229999999996,3,3,3,9,High-Value
CUST01645,193,1,2370.98,2,2,1,5,At-Risk
CUST01646,332,11,57676.369999999995,2,4,3,9,At-Risk
CUST01647,438,1,498.51,1,2,1,4,At-Risk
CUST01648,1,14,52086.700000000004,3,4,3,10,High-Value
CUST01649,97,6,48382.39,3,3,3,9,High-Value
CUST01650,146,10,126104.11,2,3,4,9,At-Risk
CUST01651,383,1,1009.29,1,2,1,4,At-Risk
CUST01652,334,1,463.95,2,2,1,5,At-Risk
CUST01653,79,1,5055.29,3,2,2,7,New
CUST01654,435,5,20226.02,1,2,2,5,At-Risk
CUST01655,671,1,1301.87,1,2,1,4,At-Risk
CUST01656,1,29,117247.28,3,4,4,11,High-Value
CUST01657,1,11,30656.11,3,4,3,10,High-Value
CUST01658,499,1,1255.65,1,2,1,4,At-Risk
CUST01659,48,6,10242.21,3,3,2,8,Regular
CUST01660,1,11,105112.43,3,4,4,11,High-Value
CUST01661,1,9,44189.52,3,3,3,9,High-Value
CUST01662,1,10,66623.66,3,3,3,9,High-Value
CUST01663,8,15,60413.64,3,4,3,10,High-Value
CUST01664,90,5,44216.39,3,2,3,8,Regular
CUST01665,1,26,210539.22,3,4,4,11,High-Value
CUST01666,1,25,128692.26000000001,3,4,4,11,High-Value
CUST01667,1,1,1364.64,3,2,1,6,New
CUST01668,1,21,118264.85,3,4,4,11,High-Value
CUST01669,520,1,19114.92,1,2,2,5,At-Risk
CUST01670,1,14,89094.72,3,4,4,11,High-Value
CUST01671,109,7,43607.130000000005,3,3,3,9,High-Value
CUST01672,1,22,171523.64,3,4,4,11,High-Value
CUST01673,1,27,190962.32,3,4,4,11,High-Value
CUST01674,1,13,83270.29000000001,3,4,4,11,High-Value
CUST01675,285,8,30399.2,2,3,3,8,At-Risk
CUST01676,109,1,515.25,3,2,1,6,New
CUST01677,520,1,17749.13,1,2,2,5,At-Risk
CUST01678,226,4,25785.18,2,2,2,6,At-Risk
CUST01679,1,1,20735.0,3,2,2,7,New
CUST01680,393,3,7212.22,1,2,2,5,At-Risk
CUST01681,338,1,557.16,2,2,1,5,At-Risk
CUST01682,19,19,203776.71,3,4,4,11,High-Value
CUST01683,249,7,22552.37,2,3,2,7,At-Risk
CUST01684,1,12,72431.4,3,4,3,10,High-Value
CUST01685,576,1,678.98,1,2,1,4,At-Risk
CUST01686,1,23,141476.65,3,4,4,11,High-Value
CUST01687,1,19,103582.23,3,4,4,11,High-Value
CUST01688,1,5,80367.96,3,2,4,9,Regular
CUST01689,369,3,12839.71,1,2,2,5,At-Risk
CUST01690,21,3,43858.27,3,2,3,8,Regular
CUST01691,203,1,1496.24,2,2,1,5,At-Risk
CUST01692,140,3,11919.82,2,2,2,6,At-Risk
CUST01693,1,11,164170.46,3,4,4,11,High-Value
CUST01694,181,1,9101.4,2,2,2,6,At-Risk
CUST01695,4,9,42519.62,3,3,3,9,High-Value
CUST01696,357,1,4465.31,1,2,2,5,At-Risk
CUST01697,1,1,6367.52,3,2,2,7,New
CUST01698,699,1,397.59,1,2,1,4,At-Risk
CUST01699,1,14,73716.57999999999,3,4,4,11,High-Value
CUST01700,259,9,12205.61,2,3,2,7,At-Risk
CUST01701,1,13,25447.77,3,4,2,9,Regular
CUST01702,365,8,10708.06,1,3,2,6,At-Risk
CUST01703,189,1,10194.4,2,2,2,6,At-Risk
CUST01704,416,5,36493.49,1,2,3,6,At-Risk
CUST01705,324,8,27000.52,2,3,3,8,At-Risk
CUST01706,450,1,192.94,1,2,1,4,At-Risk
CUST01707,1,10,89795.94,3,3,4,10,High-Value
CUST01708,403,1,6434.62,1,2,2,5,At-Risk
CUST01709,373,3,46783.380000000005,1,2,3,6,At-Risk
CUST01710,368,6,32055.93,1,3,3,7,At-Risk
CUST01711,315,1,308.53,2,2,1,5,At-Risk
CUST01712,226,1,614.76,2,2,1,5,At-Risk
CUST01713,463,3,5168.45,1,2,2,5,At-Risk
CUST01714,1,7,14952.31,3,3,2,8,Regular
CUST01715,274,1,559.21,2,2,1,5,At-Risk
CUST01716,1,17,70540.04000000001,3,4,3,10,High-Value
CUST01717,311,1,1295.33,2,2,1,5,At-Risk
CUST01718,1,11,62487.07,3,4,3,10,High-Value
CUST01719,1,26,76529.01,3,4,4,11,High-Value
CUST01720,375,1,784.95,1,2,1,4,At-Risk
CUST01721,210,1,28055.9,2,2,3,7,At-Risk
CUST01722,544,1,5244.86,1,2,2,5,At-Risk
CUST01723,184,1,2531.84,2,2,1,5,At-Risk
CUST01724,538,1,1476.5,1,2,1,4,At-Risk
CUST01725,1,11,50087.13,3,4,3,10,High-Value
CUST01726,473,1,4958.2,1,2,2,5,At-Risk
CUST01727,1,8,102998.78,3,3,4,10,High-Value
CUST01728,1,25,120305.82,3,4,4,11,High-Value
CUST01729,1,18,206701.84,3,4,4,11,High-Value
CUST01730,1,10,77190.6,3,3,4,10,High-Value
CUST01731,174,1,11014.0,2,2,2,6,At-Risk
CUST01732,274,6,70246.81,2,3,3,8,At-Risk
CUST01733,1,10,46827.75,3,3,3,9,High-Value
CUST01734,263,6,45342.39,2,3,3,8,At-Risk
CUST01735,482,1,4781.76,1,2,2,5,At-Risk
CUST01736,49,15,177274.9,3,4,4,11,High-Value
CUST01737,56,6,20371.17,3,3,2,8,Regular
CUST01738,298,1,19141.29,2,2,2,6,At-Risk
CUST01739,302,10,57043.07,2,3,3,8,At-Risk
CUST01740,1,9,46705.62,3,3,3,9,High-Value
CUST01741,1,18,120379.3,3,4,4,11,High-Value
CUST01742,401,10,38597.22,1,3,3,7,At-Risk
CUST01743,404,4,12786.09,1,2,2,5,At-Risk
CUST01744,394,1,26202.67,1,2,2,5,At-Risk
CUST01745,254,6,39562.7,2,3,3,8,At-Risk
CUST01746,44,3,24887.97,3,2,2,7,Regular
CUST01747,384,1,5166.98,1,2,2,5,At-Risk
CUST01748,1,1,518.7,3,2,1,6,New
CUST01749,26,10,29128.98,3,3,3,9,High-Value
CUST01750,706,1,4621.27,1,2,2,5,At-Risk
CUST01751,65,7,47657.65,3,3,3,9,High-Value
CUST01752,713,1,820.06,1,2,1,4,At-Risk
CUST01753,490,1,4399.95,1,2,2,5,At-Risk
CUST01754,382,1,4505.6,1,2,2,5,At-Risk
CUST01755,1,24,212426.69,3,4,4,11,High-Value
CUST01756,1,24,217955.86000000002,3,4,4,11,High-Value
CUST01757,1,16,63706.39,3,4,3,10,High-Value
CUST01758,301,8,15630.44,2,3,2,7,At-Risk
CUST01759,556,1,3498.88,1,2,1,4,At-Risk
CUST01760,175,11,76853.76,2,4,4,10,At-Risk
CUST01761,354,9,25101.21,1,3,2,6,At-Risk
CUST01762,1,14,43281.41,3,4,3,10,High-Value
CUST01763,616,1,9114.57,1,2,2,5,At-Risk
CUST01764,1,9,34347.38,3,3,3,9,High-Value
CUST01765,542,1,2039.47,1,2,1,4,At-Risk
CUST01766,137,1,4385.74,2,2,2,6,At-Risk
CUST01767,303,3,80591.29999999999,2,2,4,8,At-Risk
CUST01768,245,3,42451.259999999995,2,2,3,7,At-Risk
CUST01769,1,10,58975.11,3,3,3,9,High-Value
CUST01770,1,3,27358.81,3,2,3,8,Regular
CUST01771,237,4,62619.61,2,2,3,7,At-Risk
CUST01772,331,3,54301.92,2,2,3,7,At-Risk
CUST01773,1,19,145773.58000000002,3,4,4,11,High-Value
CUST01774,1,17,71783.85,3,4,3,10,High-Value
CUST01775,25,8,21584.68,3,3,2,8,Regular
CUST01776,598,1,689.62,1,2,1,4,At-Risk
CUST01777,1,9,43436.229999999996,3,3,3,9,High-Value
CUST01778,20,11,103204.49,3,4,4,11,High-Value
CUST01779,396,1,2133.96,1,2,1,4,At-Risk
CUST01780,1,18,108832.53,3,4,4,11,High-Value
CUST01781,493,1,21655.34,1,2,2,5,At-Risk
CUST01782,1,17,64683.86,3,4,3,10,High-Value
CUST01783,1,6,75151.56,3,3,4,10,High-Value
CUST01784,413,8,47434.97,1,3,3,7,At-Risk
CUST01785,1,11,58143.62,3,4,3,10,High-Value
CUST01786,1,29,179090.86000000002,3,4,4,11,High-Value
CUST01787,172,10,125583.72,2,3,4,9,At-Risk
CUST01788,232,6,10446.5,2,3,2,7,At-Risk
CUST01789,731,1,1709.3,1,2,1,4,At-Risk
CUST01790,63,10,63807.82,3,3,3,9,High-Value
CUST01791,188,1,948.81,2,2,1,5,At-Risk
CUST01792,268,8,59190.08,2,3,3,8,At-Risk
CUST01793,1,7,57825.5,3,3,3,9,High-Value
CUST01794,1,8,21850.9,3,3,2,8,Regular
CUST01795,234,1,857.16,2,2,1,5,At-Risk
CUST01796,529,1,6812.44,1,2,2,5,At-Risk
CUST01797,134,5,8036.23,2,2,2,6,At-Risk
CUST01798,216,1,2598.38,2,2,1,5,At-Risk
CUST01799,729,1,2035.17,1,2,1,4,At-Risk
CUST01800,731,1,1127.46,1,2,1,4,At-Risk
CUST01801,1,12,60189.16,3,4,3,10,High-Value
CUST01802,305,8,22909.01,2,3,2,7,At-Risk
CUST01803,482,4,4469.69,1,2,2,5,At-Risk
CUST01804,28,1,826.08,3,2,1,6,New
CUST01805,132,1,686.85,2,2,1,5,At-Risk
CUST01806,1,10,35555.83,3,3,3,9,High-Value
CUST01807,192,11,120159.51000000001,2,4,4,10,At-Risk
CUST01808,239,1,3752.4,2,2,1,5,At-Risk
CUST01809,576,1,24964.97,1,2,2,5,At-Risk
CUST01810,576,1,1509.42,1,2,1,4,At-Risk
CUST01811,310,3,26629.94,2,2,2,6,At-Risk
CUST01812,552,5,37964.19,1,3,3,7,At-Risk
CUST01813,107,1,801.95,3,2,1,6,New
CUST01814,621,1,1007.76,1,2,1,4,At-Risk
CUST01815,1,1,9412.57,3,2,2,7,New
CUST01816,1,28,122785.88,3,4,4,11,High-Value
CUST01817,731,1,3862.32,1,2,1,4,At-Risk
CUST01818,20,9,61900.08,3,3,3,9,High-Value
CUST01819,231,8,60532.799999999996,2,3,3,8,At-Risk
CUST01820,321,11,38264.55,2,4,3,9,At-Risk
CUST01821,552,1,4479.9,1,2,2,5,At-Risk
CUST01822,662,1,624.29,1,2,1,4,At-Risk
CUST01823,1,10,91929.74,3,3,4,10,High-Value
CUST01824,319,7,40016.8,2,3,3,8,At-Risk
CUST01825,1,5,67873.91,3,3,3,9,High-Value
CUST01826,115,5,9651.6,3,3,2,8,Regular
CUST01827,509,1,1437.16,1,2,1,4,At-Risk
CUST01828,1,27,105050.76,3,4,4,11,High-Value
CUST01829,1,10,44401.130000000005,3,3,3,9,High-Value
CUST01830,625,1,6362.58,1,2,2,5,At-Risk
CUST01831,1,22,156500.72,3,4,4,11,High-Value
CUST01832,157,9,47656.590000000004,2,3,3,8,At-Risk
CUST01833,481,3,4748.29,1,2,2,5,At-Risk
CUST01834,115,9,36962.59,3,3,3,9,High-Value
CUST01835,1,12,79179.13,3,4,4,11,High-Value
CUST01836,524,3,14588.19,1,2,2,5,At-Risk
CUST01837,145,1,1576.02,2,2,1,5,At-Risk
CUST01838,1,1,5376.87,3,2,2,7,New
CUST01839,10,18,128139.95,3,4,4,11,High-Value
CUST01840,112,1,2179.31,3,2,1,6,New
CUST01841,481,3,29643.940000000002,1,2,3,6,At-Risk
CUST01842,84,9,89677.22,3,3,4,10,High-Value
CUST01843,20,10,45797.770000000004,3,3,3,9,High-Value
CUST01844,417,5,15712.18,1,3,2,6,At-Risk
CUST01845,1,15,76745.72,3,4,4,11,High-Value
CUST01846,601,1,36727.0,1,2,3,6,At-Risk
CUST01847,1,1,696.53,3,2,1,6,New
CUST01848,11,1,14272.62,3,2,2,7,New
CUST01849,1,16,97331.16,3,4,4,11,High-Value
CUST01850,1,9,23507.8,3,3,2,8,Regular
CUST01851,492,1,2226.09,1,2,1,4,At-Risk
CUST01852,54,13,92485.01000000001,3,4,4,11,High-Value
CUST01853,35,18,154930.7,3,4,4,11,High-Value
CUST01854,1,22,197919.18,3,4,4,11,High-Value
CUST01855,1,24,269685.91000000003,3,4,4,11,High-Value
CUST01856,502,1,2868.21,1,2,1,4,At-Risk
CUST01857,299,9,21534.89,2,3,2,7,At-Risk
CUST01858,24,4,101291.58,3,2,4,9,Regular
CUST01859,1,22,159122.13,3,4,4,11,High-Value
CUST01860,401,4,4271.5,1,2,1,4,At-Risk
CUST01861,1,9,79082.86,3,3,4,10,High-Value
CUST01862,456,3,2541.9500000000003,1,2,1,4,At-Risk
CUST01863,206,1,1423.22,2,2,1,5,At-Risk
CUST01864,1,9,20599.68,3,3,2,8,Regular
CUST01865,1,24,98438.3,3,4,4,11,High-Value
CUST01866,1,16,104501.36,3,4,4,11,High-Value
CUST01867,519,1,1720.28,1,2,1,4,At-Risk
CUST01868,334,1,725.26,2,2,1,5,At-Risk
CUST01869,587,1,667.21,1,2,1,4,At-Risk
CUST01870,272,9,65285.6,2,3,3,8,At-Risk
CUST01871,1,17,83023.28,3,4,4,11,High-Value
CUST01872,505,1,1143.56,1,2,1,4,At-Risk
CUST01873,402,9,23160.18,1,3,2,6,At-Risk
CUST01874,1,15,50184.56,3,4,3,10,High-Value
CUST01875,336,8,22111.9,2,3,2,7,At-Risk
CUST01876,44,7,98352.0,3,3,4,10,High-Value
CUST01877,337,9,77480.56,2,3,4,9,At-Risk
CUST01878,451,3,12865.519999999999,1,2,2,5,At-Risk
CUST01879,398,1,21889.51,1,2,2,5,At-Risk
CUST01880,285,4,9064.9,2,2,2,6,At-Risk
CUST01881,55,3,6693.6,3,2,2,7,Regular
CUST01882,1,16,233400.33000000002,3,4,4,11,High-Value
CUST01883,35,6,42825.47,3,3,3,9,High-Value
CUST01884,243,5,11684.96,2,3,2,7,At-Risk
CUST01885,361,1,2828.15,1,2,1,4,At-Risk
CUST01886,138,3,856.27,2,2,1,5,At-Risk
CUST01887,582,1,12473.49,1,2,2,5,At-Risk
CUST01888,731,1,93.08,1,2,1,4,At-Risk
CUST01889,290,7,53202.189999999995,2,3,3,8,At-Risk
CUST01890,1,13,63075.73,3,4,3,10,High-Value
CUST01891,398,1,14337.91,1,2,2,5,At-Risk
CUST01892,1,7,60235.53,3,3,3,9,High-Value
CUST01893,1,17,133705.49,3,4,4,11,High-Value
CUST01894,378,1,1061.12,1,2,1,4,At-Risk
CUST01895,33,8,25081.35,3,3,2,8,Regular
CUST01896,366,11,108675.97,1,4,4,9,At-Risk
CUST01897,1,9,60894.11,3,3,3,9,High-Value
CUST01898,175,1,2337.27,2,2,1,5,At-Risk
CUST01899,353,6,51093.509999999995,1,3,3,7,At-Risk
CUST01900,33,10,38619.86,3,4,3,10,High-Value
CUST01901,409,10,65846.14,1,4,3,8,At-Risk
CUST01902,590,1,3983.09,1,2,1,4,At-Risk
CUST01903,419,3,7129.04,1,2,2,5,At-Risk
CUST01904,408,1,509.7,1,2,1,4,At-Risk
CUST01905,40,4,4727.780000000001,3,2,2,7,Regular
CUST01906,1,1,571.23,3,2,1,6,New
CUST01907,1,24,176206.13,3,4,4,11,High-Value
CUST01908,108,3,18742.44,3,2,2,7,Regular
CUST01909,297,1,1101.32,2,2,1,5,At-Risk
CUST01910,215,1,682.67,2,2,1,5,At-Risk
CUST01911,224,1,18519.83,2,2,2,6,At-Risk
CUST01912,58,14,136588.07,3,4,4,11,High-Value
CUST01913,1,26,107421.38,3,4,4,11,High-Value
CUST01914,261,5,37422.6,2,3,3,8,At-Risk
CUST01915,1,5,34034.07,3,3,3,9,High-Value
CUST01916,138,3,8794.41,2,2,2,6,At-Risk
CUST01917,1,22,75117.02,3,4,4,11,High-Value
CUST01918,1,11,101682.45999999999,3,4,4,11,High-Value
CUST01919,396,8,10123.96,1,3,2,6,At-Risk
CUST01920,287,9,125926.43,2,3,4,9,At-Risk
CUST01921,1,11,58000.67,3,4,3,10,High-Value
CUST01922,153,1,2455.73,2,2,1,5,At-Risk
CUST01923,45,8,61468.53,3,3,3,9,High-Value
CUST01924,1,11,103896.35,3,4,4,11,High-Value
CUST01925,291,10,61614.850000000006,2,4,3,9,At-Risk
CUST01926,189,1,1959.05,2,2,1,5,At-Risk
CUST01927,59,8,23402.62,3,3,2,8,Regular
CUST01928,507,3,9695.11,1,2,2,5,At-Risk
CUST01929,1,6,74356.61,3,3,4,10,High-Value
CUST01930,225,1,385.92,2,2,1,5,At-Risk
CUST01931,184,4,104164.95,2,2,4,8,At-Risk
CUST01932,129,6,62879.06,2,3,3,8,At-Risk
CUST01933,345,3,8108.91,2,2,2,6,At-Risk
CUST01934,294,11,82838.6,2,4,4,10,At-Risk
CUST01935,1,10,65871.64,3,4,3,10,High-Value
CUST01936,1,20,90827.2,3,4,4,11,High-Value
CUST01937,364,1,238.37,1,2,1,4,At-Risk
CUST01938,1,13,90401.45,3,4,4,11,High-Value
CUST01939,54,8,32945.15,3,3,3,9,High-Value
CUST01940,384,1,1602.49,1,2,1,4,At-Risk
CUST01941,447,1,39519.88,1,2,3,6,At-Risk
CUST01942,296,1,3422.42,2,2,1,5,At-Risk
CUST01943,413,6,40675.1,1,3,3,7,At-Risk
CUST01944,456,8,28032.97,1,3,3,7,At-Risk
CUST01945,100,4,10655.85,3,2,2,7,Regular
CUST01946,1,4,6938.78,3,2,2,7,Regular
CUST01947,1,11,61655.340000000004,3,4,3,10,High-Value
CUST01948,35,1,4380.28,3,2,1,6,New
CUST01949,57,1,1818.58,3,2,1,6,New
CUST01950,1,9,26800.84,3,3,3,9,High-Value
CUST01951,328,1,1296.49,2,2,1,5,At-Risk
CUST01952,230,1,1082.75,2,2,1,5,At-Risk
CUST01953,1,4,7938.18,3,2,2,7,Regular
CUST01954,134,5,26937.289999999997,2,3,3,8,At-Risk
CUST01955,1,15,49836.08,3,4,3,10,High-Value
CUST01956,1,23,156940.87,3,4,4,11,High-Value
CUST01957,1,8,47272.840000000004,3,3,3,9,High-Value
CUST01958,96,3,5984.219999999999,3,2,2,7,Regular
CUST01959,359,3,23328.72,1,2,2,5,At-Risk
CUST01960,98,6,26269.53,3,3,2,8,Regular
CUST01961,183,1,2272.1,2,2,1,5,At-Risk
CUST01962,192,9,25012.190000000002,2,3,2,7,At-Risk
CUST01963,1,24,103375.32,3,4,4,11,High-Value
CUST01964,294,10,125180.94,2,4,4,10,At-Risk
CUST01965,161,4,47052.56,2,2,3,7,At-Risk
CUST01966,24,3,15965.159999999998,3,2,2,7,Regular
CUST01967,334,1,4995.28,2,2,2,6,At-Risk
CUST01968,1,7,11982.369999999999,3,3,2,8,Regular
CUST01969,32,1,4136.1,3,2,1,6,New
CUST01970,106,1,3228.54,3,2,1,6,New
CUST01971,442,1,3271.85,1,2,1,4,At-Risk
CUST01972,1,14,98577.87,3,4,4,11,High-Value
CUST01973,347,1,4046.99,2,2,1,5,At-Risk
CUST01974,1,5,8705.42,3,3,2,8,Regular
CUST01975,676,1,383.93,1,2,1,4,At-Risk
CUST01976,1,21,41061.76,3,4,3,10,High-Value
CUST01977,115,1,2254.85,3,2,1,6,New
CUST01978,272,10,106012.66,2,4,4,10,At-Risk
CUST01979,1,20,93993.31,3,4,4,11,High-Value
CUST01980,1,13,59803.77,3,4,3,10,High-Value
CUST01981,678,1,930.64,1,2,1,4,At-Risk
CUST01982,1,12,25900.08,3,4,2,9,Regular
CUST01983,1,11,31577.75,3,4,3,10,High-Value
CUST01984,268,5,10244.98,2,3,2,7,At-Risk
CUST01985,232,1,89.29,2,2,1,5,At-Risk
CUST01986,22,1,13675.82,3,2,2,7,New
CUST01987,1,11,63939.25,3,4,3,10,High-Value
CUST01988,280,4,32338.02,2,2,3,7,At-Risk
CUST01989,70,9,51131.48,3,3,3,9,High-Value
CUST01990,469,5,17145.62,1,3,2,6,At-Risk
CUST01991,1,9,49259.32,3,3,3,9,High-Value
CUST01992,439,1,16312.32,1,2,2,5,At-Risk
CUST01993,1,5,15598.539999999999,3,3,2,8,Regular
CUST01994,607,1,165.82,1,2,1,4,At-Risk
CUST01995,1,7,30077.1,3,3,3,9,High-Value
CUST01996,1,8,12835.06,3,3,2,8,Regular
CUST01997,15,12,61246.77,3,4,3,10,High-Value
CUST01998,271,1,2679.61,2,2,1,5,At-Risk
CUST01999,696,1,2158.17,1,2,1,4,At-Risk
CUST02000,37,1,12372.39,3,2,2,7,New
